Wilayah;Tahun;Perkotaan_Perdesaan;Sumber_Air;Total_WERT
Bandung;2019;Perdesaan;Air isi ulang;14057,7682
Bandung;2019;Perkotaan;Air isi ulang;508779,0929
Bandung;2019;Perdesaan;Air kemasan bermerk;2661,491371
Bandung;2019;Perkotaan;Air kemasan bermerk;69358,70529
Bandung;2019;Perdesaan;Leding;1480,248291
Bandung;2019;Perkotaan;Leding;56323,87415
Bandung;2019;Perkotaan;Mata air tak terlindung;6318,340698
Bandung;2019;Perdesaan;Mata air terlindung;9940,775951
Bandung;2019;Perkotaan;Mata air terlindung;95068,47705
Bandung;2019;Perdesaan;Sumur bor/pompa;4970,23736
Bandung;2019;Perkotaan;Sumur bor/pompa;129400,645
Bandung;2019;Perkotaan;Sumur tak terlindung;1937,716797
Bandung;2019;Perdesaan;Sumur terlindung;9584,479424
Bandung;2019;Perkotaan;Sumur terlindung;110568,6494
Bandung;2020;Perdesaan;Air isi ulang;10307,21509
Bandung;2020;Perkotaan;Air isi ulang;526822,2393
Bandung;2020;Perdesaan;Air kemasan bermerk;3594,57382
Bandung;2020;Perkotaan;Air kemasan bermerk;99212,27258
Bandung;2020;Perdesaan;Leding;593,6520538
Bandung;2020;Perkotaan;Leding;26742,50403
Bandung;2020;Perdesaan;Mata air tak terlindung;600,0736265
Bandung;2020;Perkotaan;Mata air tak terlindung;14888,97873
Bandung;2020;Perdesaan;Mata air terlindung;16982,15397
Bandung;2020;Perkotaan;Mata air terlindung;63498,89197
Bandung;2020;Perdesaan;Sumur bor/pompa;5572,936264
Bandung;2020;Perkotaan;Sumur bor/pompa;154771,6128
Bandung;2020;Perkotaan;Sumur tak terlindung;11401,15155
Bandung;2020;Perdesaan;Sumur terlindung;3840,002461
Bandung;2020;Perkotaan;Sumur terlindung;105553,5156
Bandung;2021;Perdesaan;Air isi ulang;3976,655281
Bandung;2021;Perkotaan;Air isi ulang;587616,8979
Bandung;2021;Perkotaan;Air kemasan bermerk;58266,5918
Bandung;2021;Perdesaan;Leding;232,6992493
Bandung;2021;Perkotaan;Leding;32670,17981
Bandung;2021;Perdesaan;Mata air terlindung;8930,123813
Bandung;2021;Perkotaan;Mata air terlindung;130836,2695
Bandung;2021;Perdesaan;Sumur bor/pompa;1064,345734
Bandung;2021;Perkotaan;Sumur bor/pompa;151115,4734
Bandung;2021;Perdesaan;Sumur terlindung;5465,005789
Bandung;2021;Perkotaan;Sumur terlindung;104432,0878
Bandung;2022;Perdesaan;Air isi ulang;4067,261792
Bandung;2022;Perkotaan;Air isi ulang;541581,4861
Bandung;2022;Perdesaan;Air kemasan bermerk;88,61649562
Bandung;2022;Perkotaan;Air kemasan bermerk;61074,08945
Bandung;2022;Perkotaan;Air permukaan;1148,111861
Bandung;2022;Perkotaan;Lainnya;2211,967131
Bandung;2022;Perdesaan;Leding;262,8497514
Bandung;2022;Perkotaan;Leding;48059,89471
Bandung;2022;Perdesaan;Mata air tak terlindung;1454,325454
Bandung;2022;Perkotaan;Mata air tak terlindung;9884,406073
Bandung;2022;Perdesaan;Mata air terlindung;6458,014732
Bandung;2022;Perkotaan;Mata air terlindung;121480,3764
Bandung;2022;Perdesaan;Sumur bor/pompa;509,964016
Bandung;2022;Perkotaan;Sumur bor/pompa;90456,09043
Bandung;2022;Perdesaan;Sumur tak terlindung;285,8754846
Bandung;2022;Perkotaan;Sumur tak terlindung;9844,198882
Bandung;2022;Perdesaan;Sumur terlindung;5695,624693
Bandung;2022;Perkotaan;Sumur terlindung;131703,1748
Bandung;2023;Perdesaan;Air isi ulang;3055,139224
Bandung;2023;Perkotaan;Air isi ulang;565909,1155
Bandung;2023;Perdesaan;Air kemasan bermerk;8,452205057
Bandung;2023;Perkotaan;Air kemasan bermerk;51761,08004
Bandung;2023;Perkotaan;Leding;23806,22081
Bandung;2023;Perdesaan;Mata air tak terlindung;217,7183288
Bandung;2023;Perkotaan;Mata air tak terlindung;2708,084181
Bandung;2023;Perdesaan;Mata air terlindung;6049,431607
Bandung;2023;Perkotaan;Mata air terlindung;116636,7152
Bandung;2023;Perdesaan;Sumur bor/pompa;54,29927425
Bandung;2023;Perkotaan;Sumur bor/pompa;87807,84045
Bandung;2023;Perdesaan;Sumur tak terlindung;5,972467099
Bandung;2023;Perkotaan;Sumur tak terlindung;4868,745796
Bandung;2023;Perdesaan;Sumur terlindung;4007,325625
Bandung;2023;Perkotaan;Sumur terlindung;110035,6758
Bandung Barat;2019;Perdesaan;Air isi ulang;28402,09384
Bandung Barat;2019;Perkotaan;Air isi ulang;98642,57506
Bandung Barat;2019;Perdesaan;Air kemasan bermerk;4758,441673
Bandung Barat;2019;Perkotaan;Air kemasan bermerk;46698,48187
Bandung Barat;2019;Perdesaan;Air permukaan;800,7657166
Bandung Barat;2019;Perdesaan;Leding;6883,220444
Bandung Barat;2019;Perkotaan;Leding;36982,70975
Bandung Barat;2019;Perdesaan;Mata air tak terlindung;11408,43388
Bandung Barat;2019;Perkotaan;Mata air tak terlindung;686,7720337
Bandung Barat;2019;Perdesaan;Mata air terlindung;29311,95893
Bandung Barat;2019;Perkotaan;Mata air terlindung;50751,96419
Bandung Barat;2019;Perdesaan;Sumur bor/pompa;12566,17293
Bandung Barat;2019;Perkotaan;Sumur bor/pompa;36821,8327
Bandung Barat;2019;Perdesaan;Sumur tak terlindung;10570,5015
Bandung Barat;2019;Perkotaan;Sumur tak terlindung;3558,288925
Bandung Barat;2019;Perdesaan;Sumur terlindung;26125,92626
Bandung Barat;2019;Perkotaan;Sumur terlindung;64550,41995
Bandung Barat;2020;Perdesaan;Air isi ulang;20510,85716
Bandung Barat;2020;Perkotaan;Air isi ulang;96057,59874
Bandung Barat;2020;Perdesaan;Air kemasan bermerk;1398,482697
Bandung Barat;2020;Perkotaan;Air kemasan bermerk;35178,11124
Bandung Barat;2020;Perdesaan;Leding;4132,214722
Bandung Barat;2020;Perkotaan;Leding;14696,76518
Bandung Barat;2020;Perdesaan;Mata air tak terlindung;4459,297348
Bandung Barat;2020;Perkotaan;Mata air tak terlindung;525,307312
Bandung Barat;2020;Perdesaan;Mata air terlindung;34493,08828
Bandung Barat;2020;Perkotaan;Mata air terlindung;63285,78175
Bandung Barat;2020;Perdesaan;Sumur bor/pompa;34146,63499
Bandung Barat;2020;Perkotaan;Sumur bor/pompa;61670,99693
Bandung Barat;2020;Perdesaan;Sumur tak terlindung;5088,863487
Bandung Barat;2020;Perkotaan;Sumur tak terlindung;9572,639725
Bandung Barat;2020;Perdesaan;Sumur terlindung;27163,79822
Bandung Barat;2020;Perkotaan;Sumur terlindung;55553,95067
Bandung Barat;2021;Perdesaan;Air hujan;423,0653687
Bandung Barat;2021;Perdesaan;Air isi ulang;14214,69954
Bandung Barat;2021;Perkotaan;Air isi ulang;112943,6189
Bandung Barat;2021;Perdesaan;Air kemasan bermerk;486,8421021
Bandung Barat;2021;Perkotaan;Air kemasan bermerk;20529,53183
Bandung Barat;2021;Perdesaan;Air permukaan;145,7381134
Bandung Barat;2021;Perdesaan;Leding;1582,312497
Bandung Barat;2021;Perkotaan;Leding;25728,53107
Bandung Barat;2021;Perdesaan;Mata air tak terlindung;15853,32647
Bandung Barat;2021;Perkotaan;Mata air tak terlindung;4376,960663
Bandung Barat;2021;Perdesaan;Mata air terlindung;28386,32004
Bandung Barat;2021;Perkotaan;Mata air terlindung;63712,1067
Bandung Barat;2021;Perdesaan;Sumur bor/pompa;25721,85666
Bandung Barat;2021;Perkotaan;Sumur bor/pompa;59552,02483
Bandung Barat;2021;Perdesaan;Sumur tak terlindung;6751,762192
Bandung Barat;2021;Perkotaan;Sumur tak terlindung;2624,64682
Bandung Barat;2021;Perdesaan;Sumur terlindung;26727,96123
Bandung Barat;2021;Perkotaan;Sumur terlindung;79173,884
Bandung Barat;2022;Perdesaan;Air isi ulang;13017,4616
Bandung Barat;2022;Perkotaan;Air isi ulang;108267,7817
Bandung Barat;2022;Perkotaan;Air kemasan bermerk;21707,99053
Bandung Barat;2022;Perdesaan;Air permukaan;689,7664285
Bandung Barat;2022;Perkotaan;Air permukaan;279,18354
Bandung Barat;2022;Perkotaan;Lainnya;570,8186664
Bandung Barat;2022;Perdesaan;Leding;1869,103447
Bandung Barat;2022;Perkotaan;Leding;12347,24029
Bandung Barat;2022;Perdesaan;Mata air tak terlindung;22712,53231
Bandung Barat;2022;Perkotaan;Mata air tak terlindung;7411,69176
Bandung Barat;2022;Perdesaan;Mata air terlindung;18670,31497
Bandung Barat;2022;Perkotaan;Mata air terlindung;65074,37031
Bandung Barat;2022;Perdesaan;Sumur bor/pompa;22442,62784
Bandung Barat;2022;Perkotaan;Sumur bor/pompa;67647,34853
Bandung Barat;2022;Perdesaan;Sumur tak terlindung;4336,356088
Bandung Barat;2022;Perkotaan;Sumur tak terlindung;3872,328145
Bandung Barat;2022;Perdesaan;Sumur terlindung;30782,10573
Bandung Barat;2022;Perkotaan;Sumur terlindung;73924,94523
Bandung Barat;2023;Perdesaan;Air isi ulang;2291,661922
Bandung Barat;2023;Perkotaan;Air isi ulang;137253,8223
Bandung Barat;2023;Perkotaan;Air kemasan bermerk;31060,90413
Bandung Barat;2023;Perdesaan;Air permukaan;669,2755818
Bandung Barat;2023;Perdesaan;Lainnya;466,7024626
Bandung Barat;2023;Perdesaan;Leding;927,3250819
Bandung Barat;2023;Perkotaan;Leding;14270,97152
Bandung Barat;2023;Perdesaan;Mata air tak terlindung;6219,159157
Bandung Barat;2023;Perkotaan;Mata air tak terlindung;1178,347402
Bandung Barat;2023;Perdesaan;Mata air terlindung;24623,7128
Bandung Barat;2023;Perkotaan;Mata air terlindung;75014,05739
Bandung Barat;2023;Perdesaan;Sumur bor/pompa;23086,74636
Bandung Barat;2023;Perkotaan;Sumur bor/pompa;53662,69873
Bandung Barat;2023;Perdesaan;Sumur tak terlindung;16585,35943
Bandung Barat;2023;Perkotaan;Sumur tak terlindung;2910,756159
Bandung Barat;2023;Perdesaan;Sumur terlindung;31755,0831
Bandung Barat;2023;Perkotaan;Sumur terlindung;69293,40615
Bekasi;2019;Perdesaan;Air isi ulang;66883,46809
Bekasi;2019;Perkotaan;Air isi ulang;551967,7046
Bekasi;2019;Perdesaan;Air kemasan bermerk;6742,063276
Bekasi;2019;Perkotaan;Air kemasan bermerk;240080,0971
Bekasi;2019;Perkotaan;Leding;20210,65647
Bekasi;2019;Perdesaan;Sumur bor/pompa;7930,464879
Bekasi;2019;Perkotaan;Sumur bor/pompa;120528,9242
Bekasi;2019;Perkotaan;Sumur tak terlindung;2821,557739
Bekasi;2019;Perdesaan;Sumur terlindung;663,7292547
Bekasi;2019;Perkotaan;Sumur terlindung;5117,991989
Bekasi;2020;Perdesaan;Air isi ulang;62634,48506
Bekasi;2020;Perkotaan;Air isi ulang;642127,3807
Bekasi;2020;Perdesaan;Air kemasan bermerk;4934,971074
Bekasi;2020;Perkotaan;Air kemasan bermerk;241071,9823
Bekasi;2020;Perkotaan;Air permukaan;613,5548706
Bekasi;2020;Perkotaan;Leding;5511,40332
Bekasi;2020;Perkotaan;Mata air terlindung;2069,12851
Bekasi;2020;Perdesaan;Sumur bor/pompa;14226,27348
Bekasi;2020;Perkotaan;Sumur bor/pompa;104126,9516
Bekasi;2020;Perdesaan;Sumur tak terlindung;549,4946899
Bekasi;2020;Perkotaan;Sumur tak terlindung;868,7456055
Bekasi;2020;Perdesaan;Sumur terlindung;975,9626465
Bekasi;2020;Perkotaan;Sumur terlindung;6716,673187
Bekasi;2021;Perdesaan;Air hujan;160,1528778
Bekasi;2021;Perkotaan;Air hujan;1978,255981
Bekasi;2021;Perdesaan;Air isi ulang;40907,38832
Bekasi;2021;Perkotaan;Air isi ulang;644169,09
Bekasi;2021;Perdesaan;Air kemasan bermerk;2609,498207
Bekasi;2021;Perkotaan;Air kemasan bermerk;224905,473
Bekasi;2021;Perdesaan;Leding;5394,901496
Bekasi;2021;Perkotaan;Leding;10632,6214
Bekasi;2021;Perkotaan;Mata air tak terlindung;918,2944946
Bekasi;2021;Perkotaan;Mata air terlindung;991,9333496
Bekasi;2021;Perdesaan;Sumur bor/pompa;4991,308603
Bekasi;2021;Perkotaan;Sumur bor/pompa;160531,8291
Bekasi;2021;Perdesaan;Sumur tak terlindung;9,627615929
Bekasi;2021;Perkotaan;Sumur tak terlindung;4461,08252
Bekasi;2021;Perdesaan;Sumur terlindung;2502,027551
Bekasi;2021;Perkotaan;Sumur terlindung;3410,856476
Bekasi;2022;Perdesaan;Air hujan;306,3027523
Bekasi;2022;Perdesaan;Air isi ulang;43395,4192
Bekasi;2022;Perkotaan;Air isi ulang;681524,4692
Bekasi;2022;Perdesaan;Air kemasan bermerk;2768,133417
Bekasi;2022;Perkotaan;Air kemasan bermerk;210957,8557
Bekasi;2022;Perdesaan;Lainnya;524,1137061
Bekasi;2022;Perdesaan;Leding;3029,23954
Bekasi;2022;Perkotaan;Leding;4333,680742
Bekasi;2022;Perkotaan;Mata air terlindung;1400,235307
Bekasi;2022;Perdesaan;Sumur bor/pompa;8356,895126
Bekasi;2022;Perkotaan;Sumur bor/pompa;152814,3184
Bekasi;2022;Perdesaan;Sumur tak terlindung;297,4563527
Bekasi;2022;Perdesaan;Sumur terlindung;480,8742913
Bekasi;2022;Perkotaan;Sumur terlindung;20816,82749
Bekasi;2023;Perdesaan;Air hujan;74,54930442
Bekasi;2023;Perdesaan;Air isi ulang;32707,01524
Bekasi;2023;Perkotaan;Air isi ulang;653108,4957
Bekasi;2023;Perdesaan;Air kemasan bermerk;3061,491449
Bekasi;2023;Perkotaan;Air kemasan bermerk;214605,3058
Bekasi;2023;Perkotaan;Air permukaan;1099,171316
Bekasi;2023;Perdesaan;Leding;700,0834833
Bekasi;2023;Perkotaan;Leding;9655,32464
Bekasi;2023;Perkotaan;Mata air terlindung;913,746011
Bekasi;2023;Perdesaan;Sumur bor/pompa;1384,695767
Bekasi;2023;Perkotaan;Sumur bor/pompa;170964,7872
Bekasi;2023;Perkotaan;Sumur tak terlindung;518,7438625
Bekasi;2023;Perdesaan;Sumur terlindung;2954,593013
Bekasi;2023;Perkotaan;Sumur terlindung;5689,207099
Bogor;2019;Perdesaan;Air isi ulang;14822,26726
Bogor;2019;Perkotaan;Air isi ulang;281518,8797
Bogor;2019;Perdesaan;Air kemasan bermerk;2041,331505
Bogor;2019;Perkotaan;Air kemasan bermerk;165701,0155
Bogor;2019;Perdesaan;Air permukaan;191,6338806
Bogor;2019;Perdesaan;Lainnya;267,1125793
Bogor;2019;Perkotaan;Lainnya;6433,359741
Bogor;2019;Perkotaan;Leding;63838,40393
Bogor;2019;Perdesaan;Mata air tak terlindung;6132,756466
Bogor;2019;Perkotaan;Mata air tak terlindung;12723,57269
Bogor;2019;Perdesaan;Mata air terlindung;50088,57482
Bogor;2019;Perkotaan;Mata air terlindung;74245,00623
Bogor;2019;Perdesaan;Sumur bor/pompa;16727,70395
Bogor;2019;Perkotaan;Sumur bor/pompa;185956,3911
Bogor;2019;Perdesaan;Sumur tak terlindung;6545,076834
Bogor;2019;Perkotaan;Sumur tak terlindung;60583,50049
Bogor;2019;Perdesaan;Sumur terlindung;47023,48702
Bogor;2019;Perkotaan;Sumur terlindung;530276,8353
Bogor;2020;Perdesaan;Air isi ulang;21450,25913
Bogor;2020;Perkotaan;Air isi ulang;295811,2332
Bogor;2020;Perdesaan;Air kemasan bermerk;6940,814575
Bogor;2020;Perkotaan;Air kemasan bermerk;118224,8955
Bogor;2020;Perdesaan;Air permukaan;2077,931581
Bogor;2020;Perkotaan;Air permukaan;2328,2854
Bogor;2020;Perkotaan;Lainnya;1190,686768
Bogor;2020;Perdesaan;Leding;2120,560001
Bogor;2020;Perkotaan;Leding;58436,35544
Bogor;2020;Perdesaan;Mata air tak terlindung;17717,07351
Bogor;2020;Perkotaan;Mata air tak terlindung;15387,02325
Bogor;2020;Perdesaan;Mata air terlindung;12605,57619
Bogor;2020;Perkotaan;Mata air terlindung;34780,56729
Bogor;2020;Perdesaan;Sumur bor/pompa;36075,87223
Bogor;2020;Perkotaan;Sumur bor/pompa;504848,0734
Bogor;2020;Perdesaan;Sumur tak terlindung;10682,38718
Bogor;2020;Perkotaan;Sumur tak terlindung;40962,78357
Bogor;2020;Perdesaan;Sumur terlindung;42022,53305
Bogor;2020;Perkotaan;Sumur terlindung;320390,976
Bogor;2021;Perdesaan;Air isi ulang;9703,245899
Bogor;2021;Perkotaan;Air isi ulang;374114,8874
Bogor;2021;Perdesaan;Air kemasan bermerk;1690,385155
Bogor;2021;Perkotaan;Air kemasan bermerk;135991,3753
Bogor;2021;Perkotaan;Lainnya;2082,520264
Bogor;2021;Perkotaan;Leding;51469,33858
Bogor;2021;Perdesaan;Mata air tak terlindung;15113,76968
Bogor;2021;Perkotaan;Mata air tak terlindung;52799,09576
Bogor;2021;Perdesaan;Mata air terlindung;24974,72435
Bogor;2021;Perkotaan;Mata air terlindung;103690,6551
Bogor;2021;Perdesaan;Sumur bor/pompa;11527,74163
Bogor;2021;Perkotaan;Sumur bor/pompa;353205,6883
Bogor;2021;Perdesaan;Sumur tak terlindung;5979,88916
Bogor;2021;Perkotaan;Sumur tak terlindung;18926,38025
Bogor;2021;Perdesaan;Sumur terlindung;50473,73228
Bogor;2021;Perkotaan;Sumur terlindung;440348,9828
Bogor;2022;Perdesaan;Air isi ulang;13035,51281
Bogor;2022;Perkotaan;Air isi ulang;371013,4361
Bogor;2022;Perdesaan;Air kemasan bermerk;462,4683879
Bogor;2022;Perkotaan;Air kemasan bermerk;126733,8398
Bogor;2022;Perdesaan;Air permukaan;1157,738284
Bogor;2022;Perkotaan;Lainnya;5080,833371
Bogor;2022;Perkotaan;Leding;53536,62046
Bogor;2022;Perdesaan;Mata air tak terlindung;12416,8738
Bogor;2022;Perkotaan;Mata air tak terlindung;32450,78928
Bogor;2022;Perdesaan;Mata air terlindung;32016,70294
Bogor;2022;Perkotaan;Mata air terlindung;101771,8397
Bogor;2022;Perdesaan;Sumur bor/pompa;4892,974524
Bogor;2022;Perkotaan;Sumur bor/pompa;378502,6858
Bogor;2022;Perdesaan;Sumur tak terlindung;4185,777904
Bogor;2022;Perkotaan;Sumur tak terlindung;27464,94596
Bogor;2022;Perdesaan;Sumur terlindung;47924,79133
Bogor;2022;Perkotaan;Sumur terlindung;453717,8089
Bogor;2023;Perdesaan;Air hujan;68,72945273
Bogor;2023;Perdesaan;Air isi ulang;14068,77898
Bogor;2023;Perkotaan;Air isi ulang;368858,5929
Bogor;2023;Perdesaan;Air kemasan bermerk;251,3033159
Bogor;2023;Perkotaan;Air kemasan bermerk;123674,8547
Bogor;2023;Perkotaan;Lainnya;5372,949506
Bogor;2023;Perdesaan;Leding;392,4997541
Bogor;2023;Perkotaan;Leding;34400,00241
Bogor;2023;Perdesaan;Mata air tak terlindung;4685,612652
Bogor;2023;Perkotaan;Mata air tak terlindung;34836,30345
Bogor;2023;Perdesaan;Mata air terlindung;28848,50173
Bogor;2023;Perkotaan;Mata air terlindung;79901,46282
Bogor;2023;Perdesaan;Sumur bor/pompa;3267,739826
Bogor;2023;Perkotaan;Sumur bor/pompa;405984,2646
Bogor;2023;Perdesaan;Sumur tak terlindung;1635,445067
Bogor;2023;Perkotaan;Sumur tak terlindung;19671,40418
Bogor;2023;Perdesaan;Sumur terlindung;31856,91698
Bogor;2023;Perkotaan;Sumur terlindung;343719,5778
Ciamis;2019;Perdesaan;Air isi ulang;24208,20007
Ciamis;2019;Perkotaan;Air isi ulang;32970,12914
Ciamis;2019;Perdesaan;Air kemasan bermerk;2301,696121
Ciamis;2019;Perkotaan;Air kemasan bermerk;9081,662364
Ciamis;2019;Perdesaan;Air permukaan;570,9188232
Ciamis;2019;Perdesaan;Leding;3046,197617
Ciamis;2019;Perkotaan;Leding;9422,947975
Ciamis;2019;Perdesaan;Mata air tak terlindung;23341,9122
Ciamis;2019;Perkotaan;Mata air tak terlindung;5106,380679
Ciamis;2019;Perdesaan;Mata air terlindung;34205,42162
Ciamis;2019;Perkotaan;Mata air terlindung;18279,30444
Ciamis;2019;Perdesaan;Sumur bor/pompa;16965,57169
Ciamis;2019;Perkotaan;Sumur bor/pompa;32675,37183
Ciamis;2019;Perdesaan;Sumur tak terlindung;23205,12257
Ciamis;2019;Perkotaan;Sumur tak terlindung;5973,710617
Ciamis;2019;Perdesaan;Sumur terlindung;99378,39025
Ciamis;2019;Perkotaan;Sumur terlindung;45462,16021
Ciamis;2020;Perdesaan;Air isi ulang;35615,19555
Ciamis;2020;Perkotaan;Air isi ulang;37155,7479
Ciamis;2020;Perdesaan;Air kemasan bermerk;4434,143097
Ciamis;2020;Perkotaan;Air kemasan bermerk;6986,549118
Ciamis;2020;Perdesaan;Leding;7011,888138
Ciamis;2020;Perkotaan;Leding;15190,18507
Ciamis;2020;Perdesaan;Mata air tak terlindung;12648,16182
Ciamis;2020;Perkotaan;Mata air tak terlindung;5798,231934
Ciamis;2020;Perdesaan;Mata air terlindung;19210,04134
Ciamis;2020;Perkotaan;Mata air terlindung;9843,407173
Ciamis;2020;Perdesaan;Sumur bor/pompa;84937,21775
Ciamis;2020;Perkotaan;Sumur bor/pompa;44887,17641
Ciamis;2020;Perdesaan;Sumur tak terlindung;6156,866013
Ciamis;2020;Perkotaan;Sumur tak terlindung;7988,652542
Ciamis;2020;Perdesaan;Sumur terlindung;61204,73244
Ciamis;2020;Perkotaan;Sumur terlindung;24904,06169
Ciamis;2021;Perdesaan;Air isi ulang;44192,90947
Ciamis;2021;Perkotaan;Air isi ulang;35956,13355
Ciamis;2021;Perdesaan;Air kemasan bermerk;2527,765808
Ciamis;2021;Perkotaan;Air kemasan bermerk;6174,310074
Ciamis;2021;Perdesaan;Leding;8915,807266
Ciamis;2021;Perkotaan;Leding;10443,75052
Ciamis;2021;Perdesaan;Mata air tak terlindung;13337,13174
Ciamis;2021;Perkotaan;Mata air tak terlindung;1405,800446
Ciamis;2021;Perdesaan;Mata air terlindung;33451,95901
Ciamis;2021;Perkotaan;Mata air terlindung;18458,54734
Ciamis;2021;Perdesaan;Sumur bor/pompa;36680,00987
Ciamis;2021;Perkotaan;Sumur bor/pompa;39365,59846
Ciamis;2021;Perdesaan;Sumur tak terlindung;11990,14427
Ciamis;2021;Perkotaan;Sumur tak terlindung;4296,922384
Ciamis;2021;Perdesaan;Sumur terlindung;78401,79271
Ciamis;2021;Perkotaan;Sumur terlindung;50101,35595
Ciamis;2022;Perdesaan;Air isi ulang;46157,92761
Ciamis;2022;Perkotaan;Air isi ulang;35388,64979
Ciamis;2022;Perdesaan;Air kemasan bermerk;1157,481511
Ciamis;2022;Perkotaan;Air kemasan bermerk;5469,302954
Ciamis;2022;Perdesaan;Lainnya;697,9759531
Ciamis;2022;Perdesaan;Leding;3339,517339
Ciamis;2022;Perkotaan;Leding;17097,87532
Ciamis;2022;Perdesaan;Mata air tak terlindung;6491,906749
Ciamis;2022;Perkotaan;Mata air tak terlindung;1078,293155
Ciamis;2022;Perdesaan;Mata air terlindung;38331,09296
Ciamis;2022;Perkotaan;Mata air terlindung;21376,59882
Ciamis;2022;Perdesaan;Sumur bor/pompa;47306,20155
Ciamis;2022;Perkotaan;Sumur bor/pompa;40575,90493
Ciamis;2022;Perdesaan;Sumur tak terlindung;6036,182488
Ciamis;2022;Perkotaan;Sumur tak terlindung;516,9631965
Ciamis;2022;Perdesaan;Sumur terlindung;64409,57718
Ciamis;2022;Perkotaan;Sumur terlindung;35011,90365
Ciamis;2023;Perdesaan;Air hujan;65,36058443
Ciamis;2023;Perdesaan;Air isi ulang;58248,38329
Ciamis;2023;Perkotaan;Air isi ulang;48332,67103
Ciamis;2023;Perdesaan;Air kemasan bermerk;943,6457671
Ciamis;2023;Perkotaan;Air kemasan bermerk;5837,828378
Ciamis;2023;Perdesaan;Air permukaan;584,8997497
Ciamis;2023;Perdesaan;Leding;2179,409221
Ciamis;2023;Perkotaan;Leding;8547,488219
Ciamis;2023;Perdesaan;Mata air tak terlindung;8384,426314
Ciamis;2023;Perkotaan;Mata air tak terlindung;664,9838032
Ciamis;2023;Perdesaan;Mata air terlindung;33104,38579
Ciamis;2023;Perkotaan;Mata air terlindung;31656,44069
Ciamis;2023;Perdesaan;Sumur bor/pompa;33509,80408
Ciamis;2023;Perkotaan;Sumur bor/pompa;20714,92868
Ciamis;2023;Perdesaan;Sumur tak terlindung;780,5971031
Ciamis;2023;Perkotaan;Sumur tak terlindung;1893,804916
Ciamis;2023;Perdesaan;Sumur terlindung;70066,36098
Ciamis;2023;Perkotaan;Sumur terlindung;47301,54909
Cianjur;2019;Perdesaan;Air isi ulang;34368,80986
Cianjur;2019;Perkotaan;Air isi ulang;70137,64389
Cianjur;2019;Perdesaan;Air kemasan bermerk;3372,930862
Cianjur;2019;Perkotaan;Air kemasan bermerk;12730,09628
Cianjur;2019;Perdesaan;Air permukaan;670,3189087
Cianjur;2019;Perkotaan;Air permukaan;996,2791748
Cianjur;2019;Perdesaan;Lainnya;506,654541
Cianjur;2019;Perdesaan;Leding;3873,491745
Cianjur;2019;Perkotaan;Leding;17026,00098
Cianjur;2019;Perdesaan;Mata air tak terlindung;50326,68413
Cianjur;2019;Perkotaan;Mata air tak terlindung;8623,19545
Cianjur;2019;Perdesaan;Mata air terlindung;47225,66064
Cianjur;2019;Perkotaan;Mata air terlindung;13675,4805
Cianjur;2019;Perdesaan;Sumur bor/pompa;29762,47324
Cianjur;2019;Perkotaan;Sumur bor/pompa;68636,84345
Cianjur;2019;Perdesaan;Sumur tak terlindung;31994,39713
Cianjur;2019;Perkotaan;Sumur tak terlindung;9516,298798
Cianjur;2019;Perdesaan;Sumur terlindung;162234,5652
Cianjur;2019;Perkotaan;Sumur terlindung;82290,21645
Cianjur;2020;Perdesaan;Air isi ulang;45552,0913
Cianjur;2020;Perkotaan;Air isi ulang;66088,50558
Cianjur;2020;Perdesaan;Air kemasan bermerk;2443,566162
Cianjur;2020;Perkotaan;Air kemasan bermerk;14160,49191
Cianjur;2020;Perdesaan;Air permukaan;24740,30603
Cianjur;2020;Perkotaan;Air permukaan;8716,626251
Cianjur;2020;Perdesaan;Leding;3010,440704
Cianjur;2020;Perkotaan;Leding;24505,64931
Cianjur;2020;Perdesaan;Mata air tak terlindung;23692,11497
Cianjur;2020;Perkotaan;Mata air tak terlindung;4416,257996
Cianjur;2020;Perdesaan;Mata air terlindung;49253,73329
Cianjur;2020;Perkotaan;Mata air terlindung;31556,66269
Cianjur;2020;Perdesaan;Sumur bor/pompa;47967,34798
Cianjur;2020;Perkotaan;Sumur bor/pompa;67006,95903
Cianjur;2020;Perdesaan;Sumur tak terlindung;23270,21875
Cianjur;2020;Perkotaan;Sumur tak terlindung;17281,5885
Cianjur;2020;Perdesaan;Sumur terlindung;143093,1126
Cianjur;2020;Perkotaan;Sumur terlindung;52623,74321
Cianjur;2021;Perdesaan;Air isi ulang;28944,40558
Cianjur;2021;Perkotaan;Air isi ulang;86673,84297
Cianjur;2021;Perdesaan;Air kemasan bermerk;2767,987854
Cianjur;2021;Perkotaan;Air kemasan bermerk;17053,57376
Cianjur;2021;Perdesaan;Air permukaan;3729,511299
Cianjur;2021;Perdesaan;Leding;3424,348145
Cianjur;2021;Perkotaan;Leding;9867,037689
Cianjur;2021;Perdesaan;Mata air tak terlindung;35583,34352
Cianjur;2021;Perkotaan;Mata air tak terlindung;14304,18369
Cianjur;2021;Perdesaan;Mata air terlindung;88342,32806
Cianjur;2021;Perkotaan;Mata air terlindung;33144,22932
Cianjur;2021;Perdesaan;Sumur bor/pompa;41097,07161
Cianjur;2021;Perkotaan;Sumur bor/pompa;64351,06473
Cianjur;2021;Perdesaan;Sumur tak terlindung;25466,77827
Cianjur;2021;Perkotaan;Sumur tak terlindung;5749,240479
Cianjur;2021;Perdesaan;Sumur terlindung;164169,974
Cianjur;2021;Perkotaan;Sumur terlindung;84948,50656
Cianjur;2022;Perdesaan;Air hujan;262,6416233
Cianjur;2022;Perdesaan;Air isi ulang;46037,30185
Cianjur;2022;Perkotaan;Air isi ulang;110237,5144
Cianjur;2022;Perkotaan;Air kemasan bermerk;16500,87722
Cianjur;2022;Perdesaan;Air permukaan;5929,388021
Cianjur;2022;Perkotaan;Air permukaan;297,068065
Cianjur;2022;Perdesaan;Lainnya;1103,43885
Cianjur;2022;Perdesaan;Leding;7044,855588
Cianjur;2022;Perkotaan;Leding;10191,69013
Cianjur;2022;Perdesaan;Mata air tak terlindung;39031,54185
Cianjur;2022;Perkotaan;Mata air tak terlindung;9008,581906
Cianjur;2022;Perdesaan;Mata air terlindung;74157,83474
Cianjur;2022;Perkotaan;Mata air terlindung;26790,12243
Cianjur;2022;Perdesaan;Sumur bor/pompa;30808,92121
Cianjur;2022;Perkotaan;Sumur bor/pompa;50010,53322
Cianjur;2022;Perdesaan;Sumur tak terlindung;45378,60111
Cianjur;2022;Perkotaan;Sumur tak terlindung;13177,07896
Cianjur;2022;Perdesaan;Sumur terlindung;120183,8155
Cianjur;2022;Perkotaan;Sumur terlindung;72363,33921
Cianjur;2023;Perdesaan;Air isi ulang;38346,50501
Cianjur;2023;Perkotaan;Air isi ulang;98986,06016
Cianjur;2023;Perdesaan;Air kemasan bermerk;1259,740317
Cianjur;2023;Perkotaan;Air kemasan bermerk;5718,116246
Cianjur;2023;Perdesaan;Air permukaan;12382,30289
Cianjur;2023;Perkotaan;Air permukaan;1759,859842
Cianjur;2023;Perdesaan;Lainnya;415,2639335
Cianjur;2023;Perdesaan;Leding;4643,07971
Cianjur;2023;Perkotaan;Leding;15018,39254
Cianjur;2023;Perdesaan;Mata air tak terlindung;36368,90492
Cianjur;2023;Perkotaan;Mata air tak terlindung;2897,385076
Cianjur;2023;Perdesaan;Mata air terlindung;80287,18588
Cianjur;2023;Perkotaan;Mata air terlindung;42353,59331
Cianjur;2023;Perdesaan;Sumur bor/pompa;40605,75441
Cianjur;2023;Perkotaan;Sumur bor/pompa;41746,395
Cianjur;2023;Perdesaan;Sumur tak terlindung;16351,30733
Cianjur;2023;Perkotaan;Sumur tak terlindung;13602,45209
Cianjur;2023;Perdesaan;Sumur terlindung;129082,3051
Cianjur;2023;Perkotaan;Sumur terlindung;113023,8792
Cirebon;2019;Perdesaan;Air isi ulang;42277,86372
Cirebon;2019;Perkotaan;Air isi ulang;269076,9629
Cirebon;2019;Perdesaan;Air kemasan bermerk;952,6864014
Cirebon;2019;Perkotaan;Air kemasan bermerk;24706,0304
Cirebon;2019;Perdesaan;Leding;7511,333099
Cirebon;2019;Perkotaan;Leding;35522,47089
Cirebon;2019;Perdesaan;Mata air terlindung;746,5898142
Cirebon;2019;Perkotaan;Mata air terlindung;4032,892517
Cirebon;2019;Perdesaan;Sumur bor/pompa;9835,436221
Cirebon;2019;Perkotaan;Sumur bor/pompa;95925,49669
Cirebon;2019;Perdesaan;Sumur tak terlindung;944,4773865
Cirebon;2019;Perkotaan;Sumur tak terlindung;5556,878418
Cirebon;2019;Perdesaan;Sumur terlindung;8965,754751
Cirebon;2019;Perkotaan;Sumur terlindung;99283,11172
Cirebon;2020;Perdesaan;Air isi ulang;42531,03014
Cirebon;2020;Perkotaan;Air isi ulang;235222,2828
Cirebon;2020;Perdesaan;Air kemasan bermerk;1642,1589
Cirebon;2020;Perkotaan;Air kemasan bermerk;38115,11401
Cirebon;2020;Perkotaan;Air permukaan;467,4381714
Cirebon;2020;Perdesaan;Leding;5596,461253
Cirebon;2020;Perkotaan;Leding;45704,11373
Cirebon;2020;Perdesaan;Mata air terlindung;4264,961929
Cirebon;2020;Perkotaan;Mata air terlindung;1430,910454
Cirebon;2020;Perdesaan;Sumur bor/pompa;14732,60048
Cirebon;2020;Perkotaan;Sumur bor/pompa;127689,3953
Cirebon;2020;Perdesaan;Sumur tak terlindung;39,87277603
Cirebon;2020;Perkotaan;Sumur tak terlindung;7298,946472
Cirebon;2020;Perdesaan;Sumur terlindung;4257,521915
Cirebon;2020;Perkotaan;Sumur terlindung;69440,14339
Cirebon;2021;Perdesaan;Air isi ulang;33768,2886
Cirebon;2021;Perkotaan;Air isi ulang;275215,6577
Cirebon;2021;Perdesaan;Air kemasan bermerk;1666,25563
Cirebon;2021;Perkotaan;Air kemasan bermerk;49211,01336
Cirebon;2021;Perkotaan;Lainnya;405,1215515
Cirebon;2021;Perdesaan;Leding;9816,950317
Cirebon;2021;Perkotaan;Leding;40621,8757
Cirebon;2021;Perdesaan;Mata air tak terlindung;700,1262054
Cirebon;2021;Perkotaan;Mata air tak terlindung;650,5667725
Cirebon;2021;Perdesaan;Mata air terlindung;3892,904434
Cirebon;2021;Perkotaan;Mata air terlindung;6282,538635
Cirebon;2021;Perdesaan;Sumur bor/pompa;4772,077037
Cirebon;2021;Perkotaan;Sumur bor/pompa;137670,8922
Cirebon;2021;Perkotaan;Sumur tak terlindung;6806,144653
Cirebon;2021;Perdesaan;Sumur terlindung;4736,409776
Cirebon;2021;Perkotaan;Sumur terlindung;63807,0614
Cirebon;2022;Perkotaan;Air hujan;319,5270181
Cirebon;2022;Perdesaan;Air isi ulang;38383,37227
Cirebon;2022;Perkotaan;Air isi ulang;307515,9896
Cirebon;2022;Perdesaan;Air kemasan bermerk;1205,182422
Cirebon;2022;Perkotaan;Air kemasan bermerk;43398,56931
Cirebon;2022;Perkotaan;Lainnya;8549,865818
Cirebon;2022;Perdesaan;Leding;7291,482089
Cirebon;2022;Perkotaan;Leding;27631,74783
Cirebon;2022;Perkotaan;Mata air tak terlindung;1506,759883
Cirebon;2022;Perdesaan;Mata air terlindung;2511,848769
Cirebon;2022;Perkotaan;Mata air terlindung;8337,053595
Cirebon;2022;Perdesaan;Sumur bor/pompa;2211,829684
Cirebon;2022;Perkotaan;Sumur bor/pompa;117338,5293
Cirebon;2022;Perkotaan;Sumur tak terlindung;2630,563646
Cirebon;2022;Perdesaan;Sumur terlindung;5460,652854
Cirebon;2022;Perkotaan;Sumur terlindung;60922,86696
Cirebon;2023;Perdesaan;Air isi ulang;26634,10393
Cirebon;2023;Perkotaan;Air isi ulang;334267,0953
Cirebon;2023;Perdesaan;Air kemasan bermerk;2211,797578
Cirebon;2023;Perkotaan;Air kemasan bermerk;36649,05899
Cirebon;2023;Perdesaan;Air permukaan;13,83751388
Cirebon;2023;Perdesaan;Leding;6748,715323
Cirebon;2023;Perkotaan;Leding;39085,84594
Cirebon;2023;Perdesaan;Mata air tak terlindung;146,8082298
Cirebon;2023;Perkotaan;Mata air tak terlindung;1389,022453
Cirebon;2023;Perdesaan;Mata air terlindung;1034,366193
Cirebon;2023;Perkotaan;Mata air terlindung;2473,87969
Cirebon;2023;Perdesaan;Sumur bor/pompa;2296,173352
Cirebon;2023;Perkotaan;Sumur bor/pompa;130145,5821
Cirebon;2023;Perdesaan;Sumur tak terlindung;459,4258581
Cirebon;2023;Perkotaan;Sumur tak terlindung;1105,729163
Cirebon;2023;Perdesaan;Sumur terlindung;5067,780661
Cirebon;2023;Perkotaan;Sumur terlindung;35939,89358
Garut;2019;Perdesaan;Air isi ulang;35153,84975
Garut;2019;Perkotaan;Air isi ulang;84374,30707
Garut;2019;Perdesaan;Air kemasan bermerk;3025,891418
Garut;2019;Perkotaan;Air kemasan bermerk;10561,15848
Garut;2019;Perdesaan;Air permukaan;11663,52643
Garut;2019;Perkotaan;Lainnya;726,9329834
Garut;2019;Perkotaan;Leding;33418,6057
Garut;2019;Perdesaan;Mata air tak terlindung;42177,30681
Garut;2019;Perkotaan;Mata air tak terlindung;5878,791336
Garut;2019;Perdesaan;Mata air terlindung;107108,9483
Garut;2019;Perkotaan;Mata air terlindung;57500,26778
Garut;2019;Perdesaan;Sumur bor/pompa;28240,47691
Garut;2019;Perkotaan;Sumur bor/pompa;109290,5712
Garut;2019;Perdesaan;Sumur tak terlindung;22059,25451
Garut;2019;Perkotaan;Sumur tak terlindung;9421,43631
Garut;2019;Perdesaan;Sumur terlindung;71752,48111
Garut;2019;Perkotaan;Sumur terlindung;59548,53942
Garut;2020;Perdesaan;Air isi ulang;29939,67201
Garut;2020;Perkotaan;Air isi ulang;65337,63669
Garut;2020;Perdesaan;Air kemasan bermerk;2184,636902
Garut;2020;Perkotaan;Air kemasan bermerk;20300,00925
Garut;2020;Perdesaan;Air permukaan;12698,06757
Garut;2020;Perkotaan;Air permukaan;1331,827087
Garut;2020;Perdesaan;Leding;2317,637665
Garut;2020;Perkotaan;Leding;44096,38791
Garut;2020;Perdesaan;Mata air tak terlindung;58221,85953
Garut;2020;Perkotaan;Mata air tak terlindung;11552,71298
Garut;2020;Perdesaan;Mata air terlindung;108231,9683
Garut;2020;Perkotaan;Mata air terlindung;52995,24588
Garut;2020;Perdesaan;Sumur bor/pompa;24054,24377
Garut;2020;Perkotaan;Sumur bor/pompa;48639,61139
Garut;2020;Perdesaan;Sumur tak terlindung;19179,18848
Garut;2020;Perkotaan;Sumur tak terlindung;14737,93407
Garut;2020;Perdesaan;Sumur terlindung;61625,25954
Garut;2020;Perkotaan;Sumur terlindung;120840,4202
Garut;2021;Perdesaan;Air isi ulang;25716,37041
Garut;2021;Perkotaan;Air isi ulang;57667,89981
Garut;2021;Perdesaan;Air kemasan bermerk;5013,45282
Garut;2021;Perkotaan;Air kemasan bermerk;12454,98157
Garut;2021;Perdesaan;Air permukaan;12829,83508
Garut;2021;Perkotaan;Air permukaan;4567,729614
Garut;2021;Perdesaan;Lainnya;460,2182312
Garut;2021;Perkotaan;Lainnya;2024,797729
Garut;2021;Perdesaan;Leding;1647,677612
Garut;2021;Perkotaan;Leding;18879,25177
Garut;2021;Perdesaan;Mata air tak terlindung;60736,38461
Garut;2021;Perkotaan;Mata air tak terlindung;17751,33316
Garut;2021;Perdesaan;Mata air terlindung;126397,8342
Garut;2021;Perkotaan;Mata air terlindung;48232,87318
Garut;2021;Perdesaan;Sumur bor/pompa;13071,33355
Garut;2021;Perkotaan;Sumur bor/pompa;77859,20683
Garut;2021;Perdesaan;Sumur tak terlindung;27772,80299
Garut;2021;Perkotaan;Sumur tak terlindung;18766,51785
Garut;2021;Perdesaan;Sumur terlindung;59354,72297
Garut;2021;Perkotaan;Sumur terlindung;139261,0895
Garut;2022;Perdesaan;Air isi ulang;47626,78923
Garut;2022;Perkotaan;Air isi ulang;80792,64187
Garut;2022;Perkotaan;Air kemasan bermerk;15310,64345
Garut;2022;Perdesaan;Air permukaan;19312,2644
Garut;2022;Perkotaan;Air permukaan;7892,041177
Garut;2022;Perdesaan;Leding;1353,313486
Garut;2022;Perkotaan;Leding;18058,26308
Garut;2022;Perdesaan;Mata air tak terlindung;40531,76763
Garut;2022;Perkotaan;Mata air tak terlindung;24440,93921
Garut;2022;Perdesaan;Mata air terlindung;102823,7049
Garut;2022;Perkotaan;Mata air terlindung;35942,94045
Garut;2022;Perdesaan;Sumur bor/pompa;20995,97946
Garut;2022;Perkotaan;Sumur bor/pompa;65820,47958
Garut;2022;Perdesaan;Sumur tak terlindung;12297,96493
Garut;2022;Perkotaan;Sumur tak terlindung;16067,86168
Garut;2022;Perdesaan;Sumur terlindung;55786,6711
Garut;2022;Perkotaan;Sumur terlindung;125967,2322
Garut;2023;Perdesaan;Air isi ulang;6053,169754
Garut;2023;Perkotaan;Air isi ulang;102132,4216
Garut;2023;Perdesaan;Air kemasan bermerk;875,4673603
Garut;2023;Perkotaan;Air kemasan bermerk;16200,00256
Garut;2023;Perdesaan;Air permukaan;12664,79152
Garut;2023;Perkotaan;Air permukaan;2215,914277
Garut;2023;Perdesaan;Leding;1807,342088
Garut;2023;Perkotaan;Leding;30421,30356
Garut;2023;Perdesaan;Mata air tak terlindung;48225,82569
Garut;2023;Perkotaan;Mata air tak terlindung;8323,036311
Garut;2023;Perdesaan;Mata air terlindung;90498,16665
Garut;2023;Perkotaan;Mata air terlindung;51097,99907
Garut;2023;Perdesaan;Sumur bor/pompa;7562,812513
Garut;2023;Perkotaan;Sumur bor/pompa;71706,76921
Garut;2023;Perdesaan;Sumur tak terlindung;35994,6787
Garut;2023;Perkotaan;Sumur tak terlindung;3403,992254
Garut;2023;Perdesaan;Sumur terlindung;72831,63214
Garut;2023;Perkotaan;Sumur terlindung;107005,2681
Indramayu;2019;Perdesaan;Air hujan;1372,118317
Indramayu;2019;Perdesaan;Air isi ulang;178654,6396
Indramayu;2019;Perkotaan;Air isi ulang;188240,7233
Indramayu;2019;Perdesaan;Air kemasan bermerk;7732,931259
Indramayu;2019;Perkotaan;Air kemasan bermerk;10194,66693
Indramayu;2019;Perdesaan;Air permukaan;1128,832764
Indramayu;2019;Perdesaan;Leding;11557,33984
Indramayu;2019;Perkotaan;Leding;26473,30289
Indramayu;2019;Perdesaan;Mata air tak terlindung;386,3753662
Indramayu;2019;Perdesaan;Sumur bor/pompa;46714,4953
Indramayu;2019;Perkotaan;Sumur bor/pompa;48430,49541
Indramayu;2019;Perdesaan;Sumur tak terlindung;2808,405075
Indramayu;2019;Perkotaan;Sumur tak terlindung;1200,159668
Indramayu;2019;Perdesaan;Sumur terlindung;10242,81161
Indramayu;2019;Perkotaan;Sumur terlindung;3036,076599
Indramayu;2020;Perkotaan;Air hujan;514,8581543
Indramayu;2020;Perdesaan;Air isi ulang;176095,914
Indramayu;2020;Perkotaan;Air isi ulang;204024,2524
Indramayu;2020;Perdesaan;Air kemasan bermerk;7248,467892
Indramayu;2020;Perkotaan;Air kemasan bermerk;24770,48178
Indramayu;2020;Perdesaan;Leding;23046,05502
Indramayu;2020;Perkotaan;Leding;22535,99976
Indramayu;2020;Perdesaan;Sumur bor/pompa;49932,76411
Indramayu;2020;Perkotaan;Sumur bor/pompa;36522,22021
Indramayu;2020;Perkotaan;Sumur tak terlindung;1109,099731
Indramayu;2020;Perdesaan;Sumur terlindung;3107,818527
Indramayu;2020;Perkotaan;Sumur terlindung;2467,232483
Indramayu;2021;Perdesaan;Air isi ulang;194605,3648
Indramayu;2021;Perkotaan;Air isi ulang;215713,7918
Indramayu;2021;Perdesaan;Air kemasan bermerk;6350,192575
Indramayu;2021;Perkotaan;Air kemasan bermerk;28431,64944
Indramayu;2021;Perdesaan;Leding;9552,421326
Indramayu;2021;Perkotaan;Leding;23970,46128
Indramayu;2021;Perdesaan;Mata air terlindung;471,073761
Indramayu;2021;Perdesaan;Sumur bor/pompa;50239,07563
Indramayu;2021;Perkotaan;Sumur bor/pompa;29919,91873
Indramayu;2021;Perdesaan;Sumur tak terlindung;449,8886719
Indramayu;2021;Perdesaan;Sumur terlindung;3141,878738
Indramayu;2021;Perkotaan;Sumur terlindung;2011,023254
Indramayu;2022;Perkotaan;Air hujan;1574,56744
Indramayu;2022;Perdesaan;Air isi ulang;188512,6918
Indramayu;2022;Perkotaan;Air isi ulang;219527,398
Indramayu;2022;Perdesaan;Air kemasan bermerk;6977,935529
Indramayu;2022;Perkotaan;Air kemasan bermerk;17991,47458
Indramayu;2022;Perdesaan;Air permukaan;746,4415179
Indramayu;2022;Perdesaan;Leding;5268,609391
Indramayu;2022;Perkotaan;Leding;11088,09344
Indramayu;2022;Perdesaan;Mata air terlindung;2487,879964
Indramayu;2022;Perdesaan;Sumur bor/pompa;41344,34661
Indramayu;2022;Perkotaan;Sumur bor/pompa;40660,89011
Indramayu;2022;Perdesaan;Sumur terlindung;2074,878993
Indramayu;2022;Perkotaan;Sumur terlindung;2966,986034
Indramayu;2023;Perdesaan;Air isi ulang;168825,3516
Indramayu;2023;Perkotaan;Air isi ulang;246115,993
Indramayu;2023;Perdesaan;Air kemasan bermerk;6453,585553
Indramayu;2023;Perkotaan;Air kemasan bermerk;26648,55024
Indramayu;2023;Perdesaan;Leding;16996,01301
Indramayu;2023;Perkotaan;Leding;25431,70942
Indramayu;2023;Perdesaan;Mata air terlindung;972,2110441
Indramayu;2023;Perdesaan;Sumur bor/pompa;37445,07983
Indramayu;2023;Perkotaan;Sumur bor/pompa;19160,8363
Indramayu;2023;Perdesaan;Sumur terlindung;4683,136717
Indramayu;2023;Perkotaan;Sumur terlindung;254,9090874
Karawang;2019;Perdesaan;Air isi ulang;91220,53403
Karawang;2019;Perkotaan;Air isi ulang;225007,894
Karawang;2019;Perdesaan;Air kemasan bermerk;15844,75829
Karawang;2019;Perkotaan;Air kemasan bermerk;75430,92871
Karawang;2019;Perdesaan;Air permukaan;381,5990295
Karawang;2019;Perdesaan;Leding;2607,197693
Karawang;2019;Perkotaan;Leding;11571,73962
Karawang;2019;Perdesaan;Mata air tak terlindung;5022,408264
Karawang;2019;Perdesaan;Sumur bor/pompa;66085,28743
Karawang;2019;Perkotaan;Sumur bor/pompa;143814,6827
Karawang;2019;Perdesaan;Sumur tak terlindung;1106,617012
Karawang;2019;Perdesaan;Sumur terlindung;9462,677877
Karawang;2019;Perkotaan;Sumur terlindung;10389,71078
Karawang;2020;Perdesaan;Air isi ulang;108412,2808
Karawang;2020;Perkotaan;Air isi ulang;242677,6684
Karawang;2020;Perdesaan;Air kemasan bermerk;14303,5555
Karawang;2020;Perkotaan;Air kemasan bermerk;97272,29776
Karawang;2020;Perdesaan;Leding;2695,327789
Karawang;2020;Perkotaan;Leding;9683,474243
Karawang;2020;Perdesaan;Mata air tak terlindung;2218,557648
Karawang;2020;Perkotaan;Mata air terlindung;597,1853638
Karawang;2020;Perdesaan;Sumur bor/pompa;43636,31245
Karawang;2020;Perkotaan;Sumur bor/pompa;122520,702
Karawang;2020;Perdesaan;Sumur tak terlindung;819,1094971
Karawang;2020;Perdesaan;Sumur terlindung;13621,55794
Karawang;2020;Perkotaan;Sumur terlindung;2782,531372
Karawang;2021;Perdesaan;Air isi ulang;102190,0566
Karawang;2021;Perkotaan;Air isi ulang;289369,1135
Karawang;2021;Perdesaan;Air kemasan bermerk;4376,301289
Karawang;2021;Perkotaan;Air kemasan bermerk;69634,35506
Karawang;2021;Perdesaan;Air permukaan;946,5589905
Karawang;2021;Perdesaan;Leding;14958,47724
Karawang;2021;Perkotaan;Leding;15805,99274
Karawang;2021;Perdesaan;Mata air terlindung;159,9379425
Karawang;2021;Perdesaan;Sumur bor/pompa;58127,31972
Karawang;2021;Perkotaan;Sumur bor/pompa;125074,7733
Karawang;2021;Perdesaan;Sumur tak terlindung;116,531662
Karawang;2021;Perdesaan;Sumur terlindung;8805,092041
Karawang;2021;Perkotaan;Sumur terlindung;14869,78253
Karawang;2022;Perdesaan;Air isi ulang;88613,5281
Karawang;2022;Perkotaan;Air isi ulang;286870,1867
Karawang;2022;Perdesaan;Air kemasan bermerk;4400,61954
Karawang;2022;Perkotaan;Air kemasan bermerk;82039,03599
Karawang;2022;Perdesaan;Lainnya;311,7570803
Karawang;2022;Perdesaan;Leding;4947,380417
Karawang;2022;Perkotaan;Leding;11147,41975
Karawang;2022;Perdesaan;Mata air terlindung;2120,634601
Karawang;2022;Perkotaan;Mata air terlindung;1298,622436
Karawang;2022;Perdesaan;Sumur bor/pompa;59050,46891
Karawang;2022;Perkotaan;Sumur bor/pompa;108710,2351
Karawang;2022;Perdesaan;Sumur tak terlindung;166,9600467
Karawang;2022;Perdesaan;Sumur terlindung;9308,655504
Karawang;2022;Perkotaan;Sumur terlindung;8805,746986
Karawang;2023;Perdesaan;Air isi ulang;85569,6924
Karawang;2023;Perkotaan;Air isi ulang;324413,7901
Karawang;2023;Perdesaan;Air kemasan bermerk;9439,366949
Karawang;2023;Perkotaan;Air kemasan bermerk;59949,65919
Karawang;2023;Perdesaan;Leding;6149,850052
Karawang;2023;Perkotaan;Leding;11401,37663
Karawang;2023;Perkotaan;Mata air terlindung;43,36694919
Karawang;2023;Perdesaan;Sumur bor/pompa;50854,32311
Karawang;2023;Perkotaan;Sumur bor/pompa;101153,414
Karawang;2023;Perkotaan;Sumur tak terlindung;890,8543786
Karawang;2023;Perdesaan;Sumur terlindung;11723,61605
Karawang;2023;Perkotaan;Sumur terlindung;19492,56356
Kota Bandung;2019;Perkotaan;Air isi ulang;391409,0849
Kota Bandung;2019;Perkotaan;Air kemasan bermerk;185158,679
Kota Bandung;2019;Perkotaan;Leding;83328,5251
Kota Bandung;2019;Perkotaan;Mata air terlindung;2174,779114
Kota Bandung;2019;Perkotaan;Sumur bor/pompa;58671,5643
Kota Bandung;2019;Perkotaan;Sumur terlindung;17910,96829
Kota Bandung;2020;Perkotaan;Air isi ulang;399009,421
Kota Bandung;2020;Perkotaan;Air kemasan bermerk;165680,4334
Kota Bandung;2020;Perkotaan;Leding;59923,49344
Kota Bandung;2020;Perkotaan;Mata air terlindung;8431,27356
Kota Bandung;2020;Perkotaan;Sumur bor/pompa;107323,4877
Kota Bandung;2020;Perkotaan;Sumur tak terlindung;1335,343262
Kota Bandung;2020;Perkotaan;Sumur terlindung;10513,86758
Kota Bandung;2021;Perkotaan;Air isi ulang;413029,5082
Kota Bandung;2021;Perkotaan;Air kemasan bermerk;181846,2428
Kota Bandung;2021;Perkotaan;Leding;58679,51688
Kota Bandung;2021;Perkotaan;Mata air terlindung;2942,465332
Kota Bandung;2021;Perkotaan;Sumur bor/pompa;73060,10192
Kota Bandung;2021;Perkotaan;Sumur terlindung;3298,196411
Kota Bandung;2022;Perkotaan;Air isi ulang;419681,0749
Kota Bandung;2022;Perkotaan;Air kemasan bermerk;135142,6635
Kota Bandung;2022;Perkotaan;Leding;61893,54017
Kota Bandung;2022;Perkotaan;Mata air terlindung;5902,110116
Kota Bandung;2022;Perkotaan;Sumur bor/pompa;57061,51953
Kota Bandung;2022;Perkotaan;Sumur terlindung;16563,95098
Kota Bandung;2023;Perkotaan;Air isi ulang;404901,2821
Kota Bandung;2023;Perkotaan;Air kemasan bermerk;138666,0576
Kota Bandung;2023;Perkotaan;Lainnya;698,7410469
Kota Bandung;2023;Perkotaan;Leding;53602,05734
Kota Bandung;2023;Perkotaan;Mata air terlindung;7964,383347
Kota Bandung;2023;Perkotaan;Sumur bor/pompa;56028,06253
Kota Bandung;2023;Perkotaan;Sumur terlindung;11518,20418
Kota Banjar;2019;Perdesaan;Air isi ulang;4927,45715
Kota Banjar;2019;Perkotaan;Air isi ulang;20053,12174
Kota Banjar;2019;Perdesaan;Air kemasan bermerk;94,95457077
Kota Banjar;2019;Perkotaan;Air kemasan bermerk;3602,053539
Kota Banjar;2019;Perdesaan;Leding;238,668808
Kota Banjar;2019;Perkotaan;Leding;3789,958611
Kota Banjar;2019;Perdesaan;Mata air tak terlindung;564,7970943
Kota Banjar;2019;Perkotaan;Mata air terlindung;245,2215958
Kota Banjar;2019;Perdesaan;Sumur bor/pompa;2085,426627
Kota Banjar;2019;Perkotaan;Sumur bor/pompa;4768,042166
Kota Banjar;2019;Perdesaan;Sumur tak terlindung;200,7918186
Kota Banjar;2019;Perkotaan;Sumur tak terlindung;252,7321243
Kota Banjar;2019;Perdesaan;Sumur terlindung;1807,985858
Kota Banjar;2019;Perkotaan;Sumur terlindung;12019,92798
Kota Banjar;2020;Perdesaan;Air isi ulang;4731,109697
Kota Banjar;2020;Perkotaan;Air isi ulang;21730,63477
Kota Banjar;2020;Perdesaan;Air kemasan bermerk;166,8566666
Kota Banjar;2020;Perkotaan;Air kemasan bermerk;2241,643616
Kota Banjar;2020;Perkotaan;Leding;2057,824871
Kota Banjar;2020;Perdesaan;Mata air terlindung;369,9801788
Kota Banjar;2020;Perkotaan;Mata air terlindung;281,5699234
Kota Banjar;2020;Perdesaan;Sumur bor/pompa;1137,11994
Kota Banjar;2020;Perkotaan;Sumur bor/pompa;5284,66729
Kota Banjar;2020;Perdesaan;Sumur tak terlindung;65,05980682
Kota Banjar;2020;Perdesaan;Sumur terlindung;3529,684412
Kota Banjar;2020;Perkotaan;Sumur terlindung;12458,9076
Kota Banjar;2021;Perdesaan;Air isi ulang;2686,56913
Kota Banjar;2021;Perkotaan;Air isi ulang;25371,4226
Kota Banjar;2021;Perkotaan;Air kemasan bermerk;3464,425615
Kota Banjar;2021;Perdesaan;Leding;599,8111019
Kota Banjar;2021;Perkotaan;Leding;1905,48051
Kota Banjar;2021;Perdesaan;Mata air tak terlindung;538,5081177
Kota Banjar;2021;Perdesaan;Mata air terlindung;1206,824993
Kota Banjar;2021;Perkotaan;Mata air terlindung;342,6125565
Kota Banjar;2021;Perdesaan;Sumur bor/pompa;215,7099047
Kota Banjar;2021;Perkotaan;Sumur bor/pompa;4094,378626
Kota Banjar;2021;Perdesaan;Sumur tak terlindung;17,27030754
Kota Banjar;2021;Perkotaan;Sumur tak terlindung;380,6714783
Kota Banjar;2021;Perdesaan;Sumur terlindung;4580,635439
Kota Banjar;2021;Perkotaan;Sumur terlindung;13169,88642
Kota Banjar;2022;Perdesaan;Air isi ulang;4177,168903
Kota Banjar;2022;Perkotaan;Air isi ulang;23652,42741
Kota Banjar;2022;Perdesaan;Air kemasan bermerk;205,5601427
Kota Banjar;2022;Perkotaan;Air kemasan bermerk;2346,570413
Kota Banjar;2022;Perdesaan;Leding;333,0693873
Kota Banjar;2022;Perkotaan;Leding;1837,760177
Kota Banjar;2022;Perdesaan;Mata air terlindung;1388,337427
Kota Banjar;2022;Perkotaan;Mata air terlindung;448,6523995
Kota Banjar;2022;Perdesaan;Sumur bor/pompa;612,6379857
Kota Banjar;2022;Perkotaan;Sumur bor/pompa;7370,223884
Kota Banjar;2022;Perkotaan;Sumur tak terlindung;183,1882373
Kota Banjar;2022;Perdesaan;Sumur terlindung;1504,946184
Kota Banjar;2022;Perkotaan;Sumur terlindung;7518,857554
Kota Banjar;2023;Perdesaan;Air isi ulang;2708,081013
Kota Banjar;2023;Perkotaan;Air isi ulang;28468,62284
Kota Banjar;2023;Perdesaan;Air kemasan bermerk;90,28960398
Kota Banjar;2023;Perkotaan;Air kemasan bermerk;3298,076551
Kota Banjar;2023;Perkotaan;Leding;1285,659099
Kota Banjar;2023;Perdesaan;Mata air tak terlindung;178,5822706
Kota Banjar;2023;Perkotaan;Mata air tak terlindung;144,1592525
Kota Banjar;2023;Perdesaan;Mata air terlindung;2225,516144
Kota Banjar;2023;Perkotaan;Mata air terlindung;682,6308134
Kota Banjar;2023;Perdesaan;Sumur bor/pompa;2658,707171
Kota Banjar;2023;Perkotaan;Sumur bor/pompa;5089,881824
Kota Banjar;2023;Perdesaan;Sumur tak terlindung;233,2417492
Kota Banjar;2023;Perkotaan;Sumur tak terlindung;624,323094
Kota Banjar;2023;Perdesaan;Sumur terlindung;344,6463185
Kota Banjar;2023;Perkotaan;Sumur terlindung;10725,64653
Kota Bekasi;2019;Perkotaan;Air isi ulang;333287,8672
Kota Bekasi;2019;Perkotaan;Air kemasan bermerk;287723,4708
Kota Bekasi;2019;Perkotaan;Leding;1909,005356
Kota Bekasi;2019;Perkotaan;Sumur bor/pompa;187135,0179
Kota Bekasi;2019;Perkotaan;Sumur terlindung;1789,79364
Kota Bekasi;2020;Perkotaan;Air isi ulang;341368,7382
Kota Bekasi;2020;Perkotaan;Air kemasan bermerk;263854,4332
Kota Bekasi;2020;Perkotaan;Leding;3426,475601
Kota Bekasi;2020;Perkotaan;Sumur bor/pompa;213249,9978
Kota Bekasi;2020;Perkotaan;Sumur terlindung;1671,528137
Kota Bekasi;2021;Perkotaan;Air isi ulang;473315,7635
Kota Bekasi;2021;Perkotaan;Air kemasan bermerk;247945,5686
Kota Bekasi;2021;Perkotaan;Leding;10121,3303
Kota Bekasi;2021;Perkotaan;Sumur bor/pompa;121374,673
Kota Bekasi;2021;Perkotaan;Sumur terlindung;7624,848221
Kota Bekasi;2022;Perkotaan;Air isi ulang;398953,9324
Kota Bekasi;2022;Perkotaan;Air kemasan bermerk;253275,6771
Kota Bekasi;2022;Perkotaan;Lainnya;549,1385003
Kota Bekasi;2022;Perkotaan;Leding;7346,006243
Kota Bekasi;2022;Perkotaan;Mata air terlindung;151,5180037
Kota Bekasi;2022;Perkotaan;Sumur bor/pompa;190454,321
Kota Bekasi;2022;Perkotaan;Sumur terlindung;8297,721633
Kota Bekasi;2023;Perkotaan;Air hujan;406,2533968
Kota Bekasi;2023;Perkotaan;Air isi ulang;355796,0695
Kota Bekasi;2023;Perkotaan;Air kemasan bermerk;257267,4464
Kota Bekasi;2023;Perkotaan;Lainnya;58,5845315
Kota Bekasi;2023;Perkotaan;Leding;10186,94849
Kota Bekasi;2023;Perkotaan;Mata air terlindung;630,7600236
Kota Bekasi;2023;Perkotaan;Sumur bor/pompa;142388,7067
Kota Bekasi;2023;Perkotaan;Sumur terlindung;2141,963069
Kota Bogor;2019;Perkotaan;Air isi ulang;80365,77622
Kota Bogor;2019;Perkotaan;Air kemasan bermerk;51524,92713
Kota Bogor;2019;Perkotaan;Leding;91569,25468
Kota Bogor;2019;Perkotaan;Mata air terlindung;8251,803345
Kota Bogor;2019;Perkotaan;Sumur bor/pompa;48015,63371
Kota Bogor;2019;Perkotaan;Sumur tak terlindung;360,6548157
Kota Bogor;2019;Perkotaan;Sumur terlindung;22211,36408
Kota Bogor;2020;Perkotaan;Air isi ulang;95088,64607
Kota Bogor;2020;Perkotaan;Air kemasan bermerk;46046,8967
Kota Bogor;2020;Perkotaan;Leding;90537,57837
Kota Bogor;2020;Perkotaan;Mata air tak terlindung;286,5669556
Kota Bogor;2020;Perkotaan;Mata air terlindung;2852,06543
Kota Bogor;2020;Perkotaan;Sumur bor/pompa;54651,79731
Kota Bogor;2020;Perkotaan;Sumur tak terlindung;472,4369812
Kota Bogor;2020;Perkotaan;Sumur terlindung;15019,5889
Kota Bogor;2021;Perkotaan;Air isi ulang;88580,06878
Kota Bogor;2021;Perkotaan;Air kemasan bermerk;59332,58033
Kota Bogor;2021;Perkotaan;Leding;80778,08556
Kota Bogor;2021;Perkotaan;Mata air tak terlindung;105,2456055
Kota Bogor;2021;Perkotaan;Mata air terlindung;2804,836243
Kota Bogor;2021;Perkotaan;Sumur bor/pompa;51831,96019
Kota Bogor;2021;Perkotaan;Sumur tak terlindung;1481,009277
Kota Bogor;2021;Perkotaan;Sumur terlindung;19948,86413
Kota Bogor;2022;Perkotaan;Air isi ulang;92263,40404
Kota Bogor;2022;Perkotaan;Air kemasan bermerk;40520,20488
Kota Bogor;2022;Perkotaan;Lainnya;359,180757
Kota Bogor;2022;Perkotaan;Leding;88659,24692
Kota Bogor;2022;Perkotaan;Mata air tak terlindung;1143,078501
Kota Bogor;2022;Perkotaan;Mata air terlindung;10201,32863
Kota Bogor;2022;Perkotaan;Sumur bor/pompa;46127,25064
Kota Bogor;2022;Perkotaan;Sumur terlindung;33230,41805
Kota Bogor;2023;Perkotaan;Air isi ulang;87178,29591
Kota Bogor;2023;Perkotaan;Air kemasan bermerk;42512,92092
Kota Bogor;2023;Perkotaan;Lainnya;127,6689809
Kota Bogor;2023;Perkotaan;Leding;80099,61189
Kota Bogor;2023;Perkotaan;Mata air tak terlindung;486,3216122
Kota Bogor;2023;Perkotaan;Mata air terlindung;8331,464786
Kota Bogor;2023;Perkotaan;Sumur bor/pompa;37822,40682
Kota Bogor;2023;Perkotaan;Sumur terlindung;21466,35678
Kota Cimahi;2019;Perkotaan;Air isi ulang;81906,00269
Kota Cimahi;2019;Perkotaan;Air kemasan bermerk;35681,8427
Kota Cimahi;2019;Perkotaan;Leding;9860,226875
Kota Cimahi;2019;Perkotaan;Mata air terlindung;2604,593185
Kota Cimahi;2019;Perkotaan;Sumur bor/pompa;32374,50529
Kota Cimahi;2019;Perkotaan;Sumur tak terlindung;1730,549881
Kota Cimahi;2019;Perkotaan;Sumur terlindung;9994,634552
Kota Cimahi;2020;Perkotaan;Air isi ulang;95104,02373
Kota Cimahi;2020;Perkotaan;Air kemasan bermerk;40355,72348
Kota Cimahi;2020;Perkotaan;Leding;7330,488554
Kota Cimahi;2020;Perkotaan;Mata air terlindung;1709,712166
Kota Cimahi;2020;Perkotaan;Sumur bor/pompa;27220,23491
Kota Cimahi;2020;Perkotaan;Sumur tak terlindung;260,9067078
Kota Cimahi;2020;Perkotaan;Sumur terlindung;5475,811371
Kota Cimahi;2021;Perkotaan;Air isi ulang;93675,67435
Kota Cimahi;2021;Perkotaan;Air kemasan bermerk;38072,7281
Kota Cimahi;2021;Perkotaan;Leding;4322,462892
Kota Cimahi;2021;Perkotaan;Mata air terlindung;2675,276474
Kota Cimahi;2021;Perkotaan;Sumur bor/pompa;33435,23574
Kota Cimahi;2021;Perkotaan;Sumur terlindung;6389,848114
Kota Cimahi;2022;Perkotaan;Air isi ulang;87229,7133
Kota Cimahi;2022;Perkotaan;Air kemasan bermerk;33465,03015
Kota Cimahi;2022;Perkotaan;Lainnya;340,2812377
Kota Cimahi;2022;Perkotaan;Leding;5591,546985
Kota Cimahi;2022;Perkotaan;Mata air tak terlindung;179,0870712
Kota Cimahi;2022;Perkotaan;Mata air terlindung;826,6662875
Kota Cimahi;2022;Perkotaan;Sumur bor/pompa;36510,42461
Kota Cimahi;2022;Perkotaan;Sumur tak terlindung;285,4621315
Kota Cimahi;2022;Perkotaan;Sumur terlindung;9079,666454
Kota Cimahi;2023;Perkotaan;Air isi ulang;90206,82595
Kota Cimahi;2023;Perkotaan;Air kemasan bermerk;28560,43079
Kota Cimahi;2023;Perkotaan;Leding;5554,711922
Kota Cimahi;2023;Perkotaan;Mata air terlindung;1046,636405
Kota Cimahi;2023;Perkotaan;Sumur bor/pompa;29345,21383
Kota Cimahi;2023;Perkotaan;Sumur tak terlindung;404,4189932
Kota Cimahi;2023;Perkotaan;Sumur terlindung;3506,927992
Kota Cirebon;2019;Perkotaan;Air isi ulang;36596,702
Kota Cirebon;2019;Perkotaan;Air kemasan bermerk;8981,637306
Kota Cirebon;2019;Perkotaan;Leding;43607,67693
Kota Cirebon;2019;Perkotaan;Sumur bor/pompa;5074,13089
Kota Cirebon;2019;Perkotaan;Sumur terlindung;252,2462845
Kota Cirebon;2020;Perkotaan;Air isi ulang;35654,97356
Kota Cirebon;2020;Perkotaan;Air kemasan bermerk;9759,383028
Kota Cirebon;2020;Perkotaan;Leding;44619,24771
Kota Cirebon;2020;Perkotaan;Sumur bor/pompa;1905,751884
