nama;rating;ulasan;lokasi;h.sebelum;h.sesudah;bintang;wilayah
POP! Hotel Tebet;8,2;9500;Tebet;406692;305019;2;Jakarta Selatan
eL Hotel Jakarta;8,4;9300;Kelapa Gading Barat;807099;605324;4;Jakarta Utara
Manhattan Hotel Jakarta;8,3;9300;Rasuna Said;1548495;1161371;5;Jakarta Selatan
Swiss-Belinn Cawang;8,5;9200;Cawang;562380;421785;3;Jakarta Timur
Juno Jatinegara Jakarta;8,4;9100;Bidaracina;913765;685324;3;Jakarta Timur
Swiss-Belresidences Kalibata;8,6;8900;Kalibata;2020203;1515152;4;Jakarta Selatan
Whiz Prime Hotel Kelapa Gading;8,4;8700;Kelapa Gading Barat;1092001;819001;3;Jakarta Utara
Hotel Orchardz Jayakarta;8,6;8700;Mangga Dua;892563;669422;4;Jakarta Utara
favehotel Melawai;8,5;8600;Melawai;670320;502740;2;Jakarta Selatan
Vasaka Hotel Jakarta Dikelola oleh Dafam;8,6;8300;Cawang;851352;638514;4;Jakarta Timur
Hotel Menara Peninsula;8,4;8300;Slipi;3407044;2555283;4;Jakarta Barat
The Sultan Hotel & Residence Jakarta;8,6;8300;Senayan;3567568;2675676;5;Jakarta Selatan
Bold Hotel Jakarta;8,7;8200;Mangga Besar;263587;197690;2;Jakarta Barat
Aryaduta Menteng;8,5;8200;Gambir;3822004;2866503;5;Jakarta Pusat
U Stay Hotel Mangga Besar;8;8100;Mangga Besar;326588;244941;3;Jakarta Barat
Aston Priority Simatupang & Conference Center;8,6;8100;Kebagusan;1491554;1118665;4;Jakarta Selatan
Cabin Hotel;8,3;7900;Sunter;386486;289865;2;Jakarta Utara
Grand Tjokro Jakarta;8,3;7900;Tanjung Duren;1048321;786241;4;Jakarta Barat
Amaris Hotel Thamrin City Jakarta;8,3;7800;Thamrin;807207;605405;2;Jakarta Pusat
Hotel Borobudur Jakarta;8,7;7700;Pasar Baru;3276003;2457002;5;Jakarta Pusat
Horison Ciledug;8,6;7700;Petukangan Utara;899558;878360;3;Jakarta Selatan
MaxOneHotels.com @ Kramat - Jakarta;8,5;7600;Kramat;445536;334152;3;Jakarta Pusat
Royal Kuningan Hotel;8,5;7600;Rasuna Said;1337364;1003023;4;Jakarta Selatan
J Hotel Soekarno Hatta;8,5;7100;Benda;414960;311220;3;Jakarta Utara
Amaris Hotel Bandara Soekarno Hatta;7,9;7100;Benda;494895;371171;2;Jakarta Utara
Verse Lite Hotel Gajah Mada;8,4;6000;Petojo Utara;337308;252981;3;Jakarta Pusat
Dreamtel Jakarta;8,3;6000;Kebon Sirih;610424;457818;3;Jakarta Pusat
Hotel 88 Grogol Jakarta By WH;8,3;6000;Grogol;493130;369847;2;Jakarta Barat
Juno Tanah Abang Jakarta;8,6;6000;Tanah Abang;1394247;1045685;3;Jakarta Pusat
ibis budget Jakarta Cikini;8,2;6900;Cikini;467532;350649;2;Jakarta Pusat
Mega Anggrek Hotel Jakarta Slipi;8,2;6800;Kemanggisan;495332;371499;3;Jakarta Selatan
Swiss-Belinn Simatupang Jakarta;8,6;6800;Lebak Bulus;819001;813596;3;Jakarta Selatan
Diradja Hotel;8,4;6800;Tendean;776413;582310;3;Jakarta Selatan
Cordela Hotel Senen;8,7;6700;Kwitang;598920;449190;3;Jakarta Pusat
Hotel Rivoli Senen Jakarta;8,3;6700;Kramat;1300035;975026;3;Jakarta Pusat
favehotel Kelapa Gading Jakarta;8;6400;Kelapa Gading Timur;578722;434041;3;Jakarta Utara
Liberta Hotel Kemang;8,1;6400;Kemang;770696;578022;3;Jakarta Selatan
Posto Dormire Hotel;8,6;6300;Grogol;2063883;1547912;3;Jakarta Barat
Hotel Orchardz Industri Kemayoran;8,6;6200;Gunung Sahari;982801;737101;4;Jakarta Selatan
V Hotel Tebet Jakarta;8,5;6200;Tebet;600600;450450;2;Jakarta Selatan
Hotel Santika Premiere Slipi Jakarta;8,6;6100;Slipi;1132399;849299;4;Jakarta Barat
Heef Hotel Pasar Baru Powered by Archipelago;8,5;5000;Pasar Baru;427519;320639;2;Jakarta Pusat
Wyndham Casablanca Jakarta;8,8;5000;Casablanca;2457002;2373513;5;Jakarta Selatan
Hotel 88 Mangga Besar 120 RS Husada By WH;8,3;5000;Mangga Besar;496860;372645;2;Jakarta Barat
Samala Hotel Jakarta Cengkareng;8,3;5000;Daan Mogot;660404;495303;4;Jakarta Barat
POP! Hotel Kemang;8,2;5900;Kemang;399485;299614;2;Jakarta Selatan
Kebayoran Park Hotel;8,2;5900;Cipulir;591500;443625;3;Jakarta Selatan
Ayaka Suites;8,8;5900;Kuningan;1017716;763287;3;Jakarta Selatan
Grand Orchardz Hotel Kemayoran;8,7;5900;Gunung Sahari;1037402;778051;4;Jakarta Selatan
Hotel Cikini;8,4;5800;Cikini;664907;498680;2;Jakarta Pusat
Hotel Neo Tendean by ASTON;8,2;5800;Tendean;545755;409316;3;Jakarta Selatan
Zuri Express Hotel Mangga Dua;8,6;5800;Mangga Dua;527744;395808;3;Jakarta Utara
favehotel LTC Glodok;8,3;5700;Mangga Besar;423641;317731;2;Jakarta Barat
Grand Tropic Suites Hotel;8;5700;Tanjung Duren;2282283;1711712;4;Jakarta Barat
Hotel 88 Mangga Besar VIII By WH;8,4;5700;Mangga Besar;485940;364455;3;Jakarta Barat
Aryaduta Suite Semanggi;8,4;5700;Karet Semanggi;3276003;2457002;4;Jakarta Selatan
Aston Pluit Hotel & Residence;8,3;5600;Pluit;1282053;961540;4;Jakarta Utara
Amaris Hotel Season City Jakarta;8;5600;Jembatan Besi;442260;331695;2;Jakarta Barat
Hotel Indonesia Kempinski Jakarta;8,9;5600;Thamrin;14864865;11148649;5;Jakarta Pusat
Yello Hotel Manggarai;8,5;5500;Kuningan;857390;643042;3;Jakarta Selatan
POP! Hotel Pasar Baru Jakarta;8,5;5500;Pasar Baru;469040;351780;2;Jakarta Pusat
Verse Luxe Hotel Wahid Hasyim;8,2;5500;Kebon Kacang;1423096;1067322;3;Jakarta Pusat
Hotel Santika Kelapa Gading;8,4;5500;Kelapa Gading Barat;671581;503686;3;Jakarta Utara
ibis budget Jakarta Menteng;8,1;5400;Menteng;519480;389610;2;Jakarta Pusat
Hotel GranDhika Iskandarsyah;8,6;5400;Melawai;1758122;1318591;4;Jakarta Selatan
Hotel 88 ITC Fatmawati Panglima Polim By WH;8,6;5400;Fatmawati;729428;547071;3;Jakarta Selatan
ARTOTEL Thamrin Jakarta;8,7;5300;Thamrin;2184003;1638002;3;Jakarta Pusat
Discovery Ancol;8,2;5200;Ancol;2904723;2178542;4;Jakarta Utara
Luminor Hotel Pecenongan Jakarta By WH;8,6;5200;Harmoni;1354081;1015561;4;Jakarta Pusat
Ambhara Hotel;8,3;5100;Melawai;918919;689189;4;Jakarta Selatan
Brits Hotel Puri Indah;8,5;5100;Puri Kembangan;982801;737101;3;Jakarta Barat
Rasuna Icon;8,4;5100;Setiabudi;889137;666853;3;Jakarta Selatan
Hotel 55 International;7,9;4000;Pinangsia;217308;162981;2;Jakarta Barat
Park Hotel Cawang - Jakarta;8,4;4000;Jatinegara;602784;452088;3;Jakarta Timur
All Sedayu Hotel Kelapa Gading;8,6;4000;Kelapa Gading Barat;1531204;1148403;4;Jakarta Utara
Grandkemang Hotel;8,4;4000;Kemang;1365002;1023751;4;Jakarta Selatan
Hotel 88 Mangga Besar 62 Lokasari By WH;8,4;4000;Mangga Besar;600600;450450;3;Jakarta Barat
Amaris Hotel La Codefin Kemang;8,2;4900;Kemang;546000;409500;2;Jakarta Selatan
ibis Styles Jakarta Airport;8,4;4900;Benda;842586;631940;3;Jakarta Utara
Oak Tree Urban Hotel Jakarta;7,9;4800;Mahakam;930326;697745;3;Jakarta Selatan
Bidakara Hotel Jakarta;8,5;4800;Gatot Subroto;2184003;1638002;4;Jakarta Selatan
d'primahotel Melawai - Blok M;8,4;4800;Melawai;541578;406183;2;Jakarta Selatan
d'primahotel Airport Jakarta;8,6;4800;Benda;655200;491400;2;Jakarta Utara
The Acacia Hotel Jakarta;8,3;4800;Kramat;1528802;1146601;4;Jakarta Pusat
favehotel Gatot Subroto;8,4;4700;Gatot Subroto;587176;440382;2;Jakarta Selatan
Grand Menteng Hotel;7,9;4700;Pal Meriam;365531;274148;3;Jakarta Timur
Swiss-Belhotel Pondok Indah;8,5;4700;Pondok Indah;2293203;1719902;4;Jakarta Selatan
Akmani Hotel Jakarta;8,3;4700;Gondangdia;3423424;2567568;4;Jakarta Pusat
HARRIS Hotel & Convention Kelapa Gading;8,7;4700;Kelapa Gading Timur;1502157;1126618;4;Jakarta Utara
Smart Hotel Thamrin Jakarta;7;4600;Thamrin;1949221;1461916;2;Jakarta Pusat
Little Amaroossa Hotel;8,2;4500;Cipete Selatan;469560;352170;3;Jakarta Selatan
Golden Boutique Hotel Kemayoran;8,5;4400;Gunung Sahari;681565;511174;4;Jakarta Selatan
Puri Jaya Hotel;8,1;4400;Rawasari;319860;239895;3;Jakarta Pusat
Yuan Garden Pasar Baru;8,5;4400;Pasar Baru;1836265;1377199;4;Jakarta Pusat
Feodora Hotel Grogol;7,9;4300;Grogol;335080;251310;2;Jakarta Barat
Hotel Shalva Jakarta;8,4;4300;Kebon Kacang;2134863;1601147;3;Jakarta Pusat
Hotel Alia Cikini;8,6;4300;Cikini;900901;675676;2;Jakarta Pusat
GRAND KASIRA KEMANG RAYA ANTASARI;8,4;4300;Kemang;476207;357155;3;Jakarta Selatan
Horison Arcadia Mangga Dua Jakarta;8,2;4300;Mangga Dua;555773;416830;4;Jakarta Utara
BEST WESTERN Mangga Dua Hotel & Residence;8,3;4300;Mangga Dua;712727;534545;4;Jakarta Utara
Super OYO Townhouse 2 Hotel Gunung Sahari;8,3;4200;Gunung Sahari;670365;502774;3;Jakarta Selatan
FM7 Resort Hotel Bandara Jakarta Airport;8,5;4200;Benda;879607;659705;4;Jakarta Utara
Vertu Harmoni Jakarta;8,6;4200;Harmoni;1539721;1154791;5;Jakarta Pusat
Business Hotel Tomang;7,7;4200;Tomang;480480;360360;3;Jakarta Barat
Ashley Sabang Jakarta;8,6;4200;Menteng;2883736;2162802;4;Jakarta Pusat
Amaris Hotel Senen;8,3;4100;Kramat;449468;337101;2;Jakarta Pusat
MaxOne Sabang Jakarta;8,3;4100;Menteng;724816;543612;3;Jakarta Pusat
Ozone Hotel Pantai Indah Kapuk Jakarta;8,3;4100;Kapuk Muara;909188;681891;3;Jakarta Utara
AONE Hotel;8,6;4100;Kebon Sirih;1842703;1382027;4;Jakarta Pusat
Smarthomm Ancol Jakarta;8,2;3000;Ancol;382200;286650;2;Jakarta Utara
Ana Hotel Jakarta;8,4;3000;Kebon Kacang;1754300;1315725;3;Jakarta Pusat
Swiss-Belhotel Airport Jakarta;8,6;3000;Benda;1638001;1228501;4;Jakarta Utara
Hotel Monopoli;8,4;3000;Kemang;831637;623728;4;Jakarta Selatan
Hotel Gren Alia Jakarta;8,8;3900;Senen;1506961;1130221;3;Jakarta Pusat
Amaris Hotel Dr. Susilo Grogol;8,3;3900;Grogol;442042;331532;2;Jakarta Barat
Triniti Hotel Gajah Mada;8,3;3900;Gajah Mada;746965;560224;3;Jakarta Barat
Veranda Hotel Pakubuwono;8,6;3900;Kebayoran Lama Utara;1463282;1097461;4;Jakarta Selatan
Hotel Santika Premiere Hayam Wuruk Jakarta;8,7;3900;Glodok;1234506;925880;4;Jakarta Barat
DoubleTree by Hilton Jakarta - Diponegoro;8,8;3900;Cikini;4024319;3018240;5;Jakarta Pusat
d'primahotel ITC Mangga Dua;8,5;3800;Mangga Dua;742562;556921;2;Jakarta Utara
Hotel Dharmein;8,5;3800;Melawai;505993;379495;3;Jakarta Selatan
favehotel Zainul Arifin (Gajah Mada);8,5;3800;Petojo Utara;524160;393120;2;Jakarta Pusat
Tendean Residences;8,5;3800;Tendean;414960;311220;2;Jakarta Selatan
Coin's Hotel Jakarta;8,4;3800;Sunter;754730;566048;3;Jakarta Utara
Puri Mega Hotel;8,1;3800;Rawasari;322149;241612;3;Jakarta Pusat
Swiss-Belinn Kemayoran;8,4;3800;Kemayoran;1223041;917281;3;Jakarta Pusat
Grand G7 Hotel Kemayoran;8,6;3800;Gunung Sahari;669397;502048;3;Jakarta Selatan
Jakarta Airport Hotel;8,5;3800;Benda;1051597;788698;4;Jakarta Utara
Kuretakeso Kemang Hotel;8,6;3800;Kemang;1136117;852088;4;Jakarta Selatan
Grand Mercure Jakarta Kemayoran;8,7;3800;Gunung Sahari;1599600;1199700;5;Jakarta Selatan
Zodiak MT Haryono;7,8;3700;Kampung Melayu;391285;293464;2;Jakarta Timur
N1 Hotel Tanah Abang;7,3;3700;Petamburan;221131;165848;3;Jakarta Barat
ibis Jakarta Senen;8,5;3700;Kwitang;862600;646950;3;Jakarta Pusat
JS Luwansa Hotel And Convention Center;8,6;3700;Rasuna Said;2229729;1672297;4;Jakarta Selatan
M Hotel Jakarta;8,6;3600;Melawai;1140049;855037;3;Jakarta Selatan
Grand Sahid Jaya Jakarta;8,1;3600;Sudirman;4313404;3235053;5;Jakarta Selatan
Arosa Hotel Jakarta;8,6;3600;Pesanggrahan;884521;663391;3;Jakarta Selatan
Win Hotel Blok M;7,7;3500;Panglima Polim;436800;327600;2;Jakarta Selatan
N2 Hotel Gunung Sahari;7,5;3500;Gunung Sahari;265465;199099;3;Jakarta Selatan
Picasso inn;8,2;3500;Fatmawati;657167;492875;3;Jakarta Selatan
Studio One Thamrin;8,3;3500;Thamrin;1215928;911946;2;Jakarta Pusat
Amaris Hotel Pancoran;8,5;3500;Pancoran;552552;414414;2;Jakarta Selatan
Amaris Hotel Pasar Baru Jakarta;8,5;3500;Pasar Baru;502320;376740;2;Jakarta Pusat
Kristal Hotel Jakarta;8,7;3500;Cilandak Barat;1349835;1012376;4;Jakarta Selatan
THE 1O1 Jakarta Sedayu Darmawangsa;8,7;3500;Dharmawangsa;1548458;1161343;4;Jakarta Selatan
d'primahotel WTC Mangga Dua;8,5;3400;Mangga Dua;788970;591728;2;Jakarta Utara
Moritz BIZ Gandaria;8,4;3400;Kebayoran Lama Utara;652558;489419;3;Jakarta Selatan
D'Arcici Cempaka Putih;8,3;3400;Cempaka Putih Barat;692875;519656;3;Jakarta Pusat
Sofyan Hotel Cut Meutia Ramah Keluarga;8,4;3400;Cikini;2128747;1596560;3;Jakarta Pusat
Pullman Jakarta Central Park;8,5;3400;Tanjung Duren;4617467;3463100;5;Jakarta Barat
Golden Boutique Hotel Melawai;8,5;3300;Melawai;685380;514035;4;Jakarta Selatan
Redtop Hotel & Convention Center;8,6;3300;Pecenongan;1152421;942149;4;Jakarta Pusat
Whiz Hotel Falatehan Jakarta;8,3;3300;Melawai;483472;362604;2;Jakarta Selatan
Sofyan Hotel Soepomo Ramah Keluarga;8,2;3300;Tebet;1960688;1470516;2;Jakarta Selatan
Hotel Senen Indah Syariah;8,4;3300;Bungur;334152;250614;2;Jakarta Pusat
Cordex Hotel Ancol;8,5;3300;Ancol;334866;251149;1;Jakarta Utara
Amaris Hotel Juanda;8,4;3300;Juanda;660115;495086;2;Jakarta Pusat
d'primahotel Airport Jakarta Terminal 1A;8,2;3300;Benda;1092001;819001;2;Jakarta Utara
Hotel Alma;8,2;3200;Petamburan;381764;286323;2;Jakarta Barat
Morrissey Hotel;8,8;3200;Kebon Sirih;2873931;2155448;5;Jakarta Pusat
The Grove Suites by Grand Aston;8,7;3200;Kuningan;3007008;2255256;5;Jakarta Selatan
Infiniti Hotel;8,2;3100;Mangga Besar;373464;280098;1;Jakarta Barat
Happy Inn - Melawai;8,6;3100;Melawai;447720;335790;2;Jakarta Selatan
favehotel Pluit Junction;8,3;3100;Pluit;716203;537152;2;Jakarta Utara
Royal City Hotel Tomang Jakarta;8;3100;Cideng;690581;517936;3;Jakarta Pusat
Super OYO Townhouse 1 Hotel Salemba;8;3100;Kenari;656948;492711;3;Jakarta Pusat
F Hotel Jakarta;8,5;3100;Panglima Polim;928201;696151;3;Jakarta Selatan
Hotel Kartika Chandra;8;3100;Gatot Subroto;575017;431263;4;Jakarta Selatan
Horison Balairung Jakarta;8,6;3100;Pal Meriam;491793;368845;3;Jakarta Timur
Mercure Jakarta Gatot Subroto;8,7;3100;Gatot Subroto;1895286;1421464;4;Jakarta Selatan
Shangri La Jakarta;8,9;3100;Karet Tengsin;4084084;3063063;5;Jakarta Pusat
Hotel Kalisma by Alia;8,2;2000;Petamburan;243604;182703;1;Jakarta Barat
Ghurfati Hotel;8,1;2000;Mangga Besar;189729;142297;1;Jakarta Barat
N Hotel Harmoni;7,6;2000;Gajah Mada;216216;162162;2;Jakarta Barat
Four Points by Sheraton Jakarta Thamrin;8,5;2000;Thamrin;4000000;3000000;4;Jakarta Pusat
Sheraton Grand Jakarta Gandaria City Hotel;8,9;2000;Kebayoran Lama Utara;6666667;5000000;5;Jakarta Selatan
ibis Styles Jakarta Mangga Dua Square;8,6;2000;Mangga Dua;876000;657000;3;Jakarta Utara
Arthama Tanah Abang Jakarta;8,5;2000;Kebon Kacang;793388;595041;3;Jakarta Pusat
Grand Mercure Jakarta Harmoni;8,6;2000;Harmoni;2041323;1530992;5;Jakarta Pusat
Swissôtel Jakarta PIK Avenue;8,5;2000;Kamal Muara;3741333;2806000;5;Jakarta Barat
LeGreen Suite Kuningan;8,3;2900;Setiabudi;373047;279785;2;Jakarta Selatan
Hotel Gren Alia Cikini;8,6;2900;Cikini;982801;737101;3;Jakarta Pusat
The Falatehan Hotel By Safin;8,1;2900;Melawai;464584;348438;3;Jakarta Selatan
Sare Hotel;8,2;2900;Melawai;420149;315112;3;Jakarta Selatan
Kyriad Hotel Fatmawati Jakarta;8,6;2900;Fatmawati;471744;353808;3;Jakarta Selatan
Amaris Hotel Tebet Jakarta;8,3;2900;Tebet;540540;405405;2;Jakarta Selatan
Amaris Hotel Tendean;8,3;2900;Tendean;549147;411860;2;Jakarta Selatan
Amaris Hotel Mampang - Jakarta;8,5;2900;Mampang Prapatan;525690;394267;2;Jakarta Selatan
d'primahotel Airport Jakarta 2;8,7;2900;Benda;1004642;753481;3;Jakarta Utara
Ibis Styles Jakarta Sunter - CHSE Certified;8,4;2900;Sunter;727383;545537;3;Jakarta Utara
City Biz Residence;8,2;2800;Mangga Besar;340704;255528;1;Jakarta Barat
Hotel Alia Matraman;8,4;2800;Tebet;316680;237510;2;Jakarta Selatan
BI Executive Hotel;8,7;2800;Ancol;643188;482391;2;Jakarta Utara
Grand Asia Hotel;8,1;2800;Pluit;571772;428829;3;Jakarta Utara
Hotel Grand Picasso;8,4;2800;Kebon Kacang;1646738;1235053;3;Jakarta Pusat
Sotis Hotel Kemang Jakarta;9;2800;Kemang;557700;418275;4;Jakarta Selatan
Titanium Express HomTel;8,3;2700;Pekayon;468397;351298;2;Jakarta Timur
B Fashion Hotel;8,3;2700;Tanjung Duren;676171;507128;3;Jakarta Barat
Grand Hyatt Jakarta;8,7;2700;Thamrin;18049733;13537300;5;Jakarta Pusat
Blue Sky Hotel Petamburan;8,4;2700;Petamburan;532896;399672;3;Jakarta Barat
Stanley Wahid Hasyim Jakarta;8,8;2700;Kebon Sirih;1826679;1370009;3;Jakarta Pusat
Cipta Hotel Pancoran;8,4;2600;Pancoran;560196;420147;3;Jakarta Selatan
Grand Paragon Hotel;8,1;2600;Glodok;476112;357084;4;Jakarta Barat
Mercure Jakarta Pantai Indah Kapuk;8,5;2600;Kamal Muara;2754667;2066000;4;Jakarta Barat
Ibis Jakarta Harmoni;8,5;2600;Harmoni;683999;512999;3;Jakarta Pusat
HARRIS Suites Puri Mansion;8,6;2600;Duri Kosambi;953317;714988;4;Jakarta Barat
Liberty Hotel Thamrin Jakarta;8,8;2500;Thamrin;1629244;1221933;3;Jakarta Pusat
d'primahotel Mega Kuningan;8,4;2500;Kuningan;874283;655712;3;Jakarta Selatan
LYNT Hotel Jakarta;8,2;2500;Petojo Utara;778051;583538;3;Jakarta Pusat
Amos Cozy Hotel Melawai;7,6;2500;Melawai;432432;324324;4;Jakarta Selatan
Hotel Ro&Vi Boutique;8,1;2500;Hayam Wuruk;252245;189184;2;Jakarta Barat
Novotel Jakarta Mangga Dua Square;8,4;2500;Mangga Dua;1296000;972000;4;Jakarta Utara
Four Seasons Hotel Jakarta;9;2500;Gatot Subroto;8324324;6243243;5;Jakarta Selatan
An Hotel Jakarta;7,8;2400;Kuningan;385887;289415;2;Jakarta Selatan
World Hotel Jakarta - Bandengan;8,2;2400;Pekojan;357084;267813;2;Jakarta Utara
LeGreen Suite Senayan;8,1;2400;Bendungan Hilir;398292;298719;2;Jakarta Selatan
Sawana Suites;8,3;2300;Bendungan Hilir;1634725;1226044;3;Jakarta Selatan
John's Pardede International;8;2300;Cikini;491400;368550;3;Jakarta Pusat
Anara Airport Hotel Terminal 3;8,9;2300;Benda;1888069;1416052;4;Jakarta Utara
Hotel Alia Boutique Pasar Baru;8,6;2300;Pasar Baru;540540;405405;1;Jakarta Pusat
Hotel California Jakarta;7,7;2200;Mangga Besar;199508;149631;1;Jakarta Barat
Neo Hotel Puri Indah by ASTON;8,5;2200;Puri Kembangan;855479;641609;3;Jakarta Barat
JW Marriott Hotel Jakarta;8,6;2200;Kuningan;8800000;6600000;5;Jakarta Selatan
Best Western Senayan;8,5;2200;Senayan;1062100;796575;3;Jakarta Selatan
Paragon Hotel Jakarta;7,9;2200;Kebon Sirih;852088;639066;3;Jakarta Pusat
Mercure Jakarta Kota;8,5;2200;Glodok;742133;556600;4;Jakarta Barat
Gran Melia Jakarta;8,8;2200;Kuningan;3219731;2414798;5;Jakarta Selatan
Starlet Hotel Jakarta Airport;8,3;2100;Jakarta Barat;334487;250865;1;Jakarta Barat
DENZ Premiere Mahakam;8,4;2100;Mahakam;600600;450450;2;Jakarta Selatan
Amaris Hotel Satrio Kuningan - Jakarta;8,3;2100;Kuningan;695605;521704;2;Jakarta Selatan
Liberta Hub Blok M Jakarta;8,2;2100;Melawai;440295;330221;3;Jakarta Selatan
Rasuna Mansion;8,5;2100;Rasuna Said;655200;491400;3;Jakarta Selatan
Hotel Maxim Kwitang Jakarta;7,5;2100;Kwitang;239557;179668;3;Jakarta Pusat
Best Inn Hotel Jakarta;7,8;2100;Harmoni;200928;150696;1;Jakarta Pusat
Luminor Hotel Kota Jakarta By WH;8,4;2100;Mangga Besar;1528802;1146601;4;Jakarta Barat
K-Style Eco Hotel Jakarta @Kemayoran;7,9;1000;Gunung Sahari;290472;217854;2;Jakarta Selatan
MP Hotel Kelapa Gading;7,9;1000;Kelapa Gading Barat;394486;295864;2;Jakarta Utara
ARTOTEL Gelora Senayan Jakarta;9,2;1000;Senayan;2527099;1895324;4;Jakarta Selatan
THE 1O1 Jakarta Airport CBC;9,1;1000;Jakarta Barat;971882;728911;4;Jakarta Barat
Ashley Tang Menteng;9,2;1000;Jalan Sabang;2883736;2162802;4;Jakarta Pusat
Merlynn Park Hotel;8,6;18000;Petojo Utara;1363238;1022428;5;Jakarta Pusat
1O1 URBAN Jakarta Kelapa Gading;8,7;14000;Kelapa Gading Barat;1200109;900082;3;Jakarta Utara
favehotel PGC Cililitan;8;13000;Cililitan;641795;481346;3;Jakarta Timur
Yello Hotel Harmoni;8,8;13000;Harmoni;950041;712531;3;Jakarta Pusat
Park 5 Simatupang;8,6;12000;Cilandak Barat;873602;655201;3;Jakarta Selatan
Best Western Premier The Hive;8,4;12000;Jatinegara;1769041;1326781;5;Jakarta Timur
POP! Hotel Airport Jakarta;7,9;11000;Benda;466752;350064;2;Jakarta Utara
Whiz Hotel Cikini Jakarta;8,3;11000;Cikini;904484;678363;2;Jakarta Pusat
Hotel Orchardz Bandara;8,8;11000;Benda;819001;614251;3;Jakarta Utara
Hotel Ciputra Jakarta dikelola oleh Swiss-Belhotel International;8,5;11000;Tanjung Duren;1985257;1488943;4;Jakarta Barat
Sunlake Waterfront Resort & Convention Jakarta;8,6;11000;Sunter;1152558;864419;5;Jakarta Utara
POP! Hotel Kelapa Gading;8,4;10000;Kelapa Gading Timur;497754;373316;2;Jakarta Utara
Zest Airport Jakarta by Swiss-Belhotel International;8,4;10000;Benda;884521;663391;2;Jakarta Utara
ibis budget Jakarta Airport;8;10000;Benda;533333;400000;2;Jakarta Utara
Ashley Wahid Hasyim Jakarta;8,7;10000;Gondangdia;2979832;2234874;4;Jakarta Pusat
Hotel Lautze Indah;8,2;1900;Kartini;170352;127764;1;Jakarta Pusat
Avissa Suites;8,7;1900;Kuningan;966421;724816;3;Jakarta Selatan
All Nite & Day Residence Kebon Jeruk Jakarta;8,5;1900;Kebon Jeruk;933661;700246;3;Jakarta Barat
Blue Sky Hotel Pandurata Boutique;8,5;1900;Cikini;742562;556921;3;Jakarta Pusat
Mercure Jakarta Sabang;8,6;1900;Menteng;2631404;1973553;4;Jakarta Pusat
Amaris Hotel Panglima Polim;8,4;1900;Panglima Polim;503521;377641;2;Jakarta Selatan
LeGreen Suite Penjernihan;8,3;1900;Bendungan Hilir;485651;364238;2;Jakarta Selatan
Tamansari Agung Residence;7,9;1800;Glodok;394486;295864;1;Jakarta Barat
Amaris Hotel Slipi;8,7;1800;Kota Bambu;546000;409500;2;Jakarta Barat
Hotel Bulevar Tanjung Duren;7,3;1800;Tanjung Duren;281081;210811;2;Jakarta Barat
Hotel Marcopolo Jakarta;8,5;1800;Gondangdia;524160;393120;3;Jakarta Pusat
Hotel Golden Sky Pluit;8,4;1800;Pluit;524160;393120;3;Jakarta Utara
Arimbi Pejaten Suites;7,9;1800;Ragunan;507713;380785;3;Jakarta Selatan
Fraser Residence Menteng Jakarta;8,8;1800;Kebon Sirih;6223366;4667525;5;Jakarta Pusat
Amaris Hotel Mangga Besar;8,2;1800;Mangga Besar;464865;348649;2;Jakarta Barat
Yellow Bee Tanah Abang;8,4;1800;Tanah Abang;961814;721360;3;Jakarta Pusat
Novotel Jakarta Gajah Mada;8,4;1800;Glodok;948000;711000;4;Jakarta Barat
Mandarin Oriental Jakarta;9,1;1800;Thamrin;14000000;10500000;5;Jakarta Pusat
Swiss-Belinn Wahid Hasyim;8,5;1700;Kebon Kacang;2074802;1556102;3;Jakarta Pusat
Olympic Hotel;8,3;1700;Mangga Besar;395847;296885;3;Jakarta Barat
Classic Hotel;8,3;1700;Pasar Baru;600600;450450;4;Jakarta Pusat
P Hotel;8,3;1700;Rawasari;444060;333045;2;Jakarta Pusat
Hotel Glodok Plaza;8,1;1700;Glodok;505084;378813;2;Jakarta Barat
MaxOneHotels Premier Melawai;9,4;1600;Melawai;1179361;884521;3;Jakarta Selatan
N3 Hotel Zainul Arifin;7,6;1600;Petojo Utara;253753;190315;3;Jakarta Pusat
The Westin Jakarta;8,9;1600;Rasuna Said;9933333;7450000;5;Jakarta Selatan
Amaris Hotel Fachrudin - Tanah Abang;9,6;1600;Tanah Abang;545127;408845;2;Jakarta Pusat
Residence 12;8,4;1600;Cipete Utara;264472;198354;1;Jakarta Selatan
Eightin Hotel Sudirman Jakarta;8,6;1600;Bendungan Hilir;764401;573301;3;Jakarta Selatan
Casa Living Senayan;8,3;1600;Bendungan Hilir;648376;486282;3;Jakarta Selatan
Ethan Hotel Kelapa Gading;8,1;1500;Pegangsaan Dua;291892;218919;1;Jakarta Utara
LeGreen Suite Tondano;8,1;1500;Bendungan Hilir;435456;326592;2;Jakarta Selatan
White Tree Residence;8,7;1500;Fatmawati;674310;505733;3;Jakarta Selatan
Daily Inn Hotel Jakarta;8,4;1500;Cempaka Putih Timur;488290;366217;3;Jakarta Pusat
Mangkuluhur ARTOTEL SUITES;8,8;1500;Gatot Subroto;2733169;2049877;5;Jakarta Selatan
LeGreen Suite Supomo;8,2;1500;Menteng Dalam;372301;279226;2;Jakarta Pusat
Fairmont Jakarta;8,9;1500;Senayan;7104000;5328000;5;Jakarta Selatan
Mercure Jakarta Simatupang;8,5;1500;Lebak Bulus;1044152;783114;4;Jakarta Selatan
Swiss-Belresidences Rasuna Epicentrum;8,2;1400;Kuningan;3768254;2826191;4;Jakarta Selatan
Townhouse OAK Hotel Fiducia Pondok Gede Jakarta;7,8;1400;Pinang Ranti;338929;254197;1;Jakarta Timur
Collection O 91409 Hotel Fiducia Otista 153 - 157;7,7;1400;Kampung Melayu;348354;261265;2;Jakarta Timur
Aston Kemayoran City Hotel;8,7;1400;Gunung Sahari;1027398;770549;3;Jakarta Selatan
My Hotel;8,3;1400;Glodok;321188;240891;3;Jakarta Barat
Luxury Inn Arion Hotel;8,4;1400;Rawamangun;527764;395823;4;Jakarta Timur
The Bellezza Hotel Suites by Nemuru;8,4;1400;Permata Hijau;1395032;1046274;4;Jakarta Selatan
Mercure Jakarta Cikini;8,7;1400;Cikini;1519645;1139734;4;Jakarta Pusat
Kimaya Slipi Jakarta by Harris;8,8;1400;Slipi;737101;552826;4;Jakarta Barat
Horison Ultima Suite & Residence Rasuna;8;1400;Kuningan;1316953;987715;4;Jakarta Selatan
AYANA Midplaza Jakarta;8,9;1400;Sudirman;4203784;3152838;5;Jakarta Selatan
Hotel Alia Heritage Pasar Baru;8,4;1400;Pasar Baru;565111;423833;1;Jakarta Pusat
LeGreen Suite Setiabudi;8,1;1400;Setiabudi;306938;230203;1;Jakarta Selatan
Amaris Hotel Panglima Polim 2;8,1;1400;Panglima Polim;489435;367076;2;Jakarta Selatan
Hotel Caravan Tanah Abang;7,6;1300;Kebon Melati;257924;193443;3;Jakarta Pusat
Kosenda Hotel;8,8;1300;Kebon Kacang;2229116;1671837;4;Jakarta Pusat
Fieris Hotel Jakarta;8,7;1300;Rawamangun;810811;608108;3;Jakarta Timur
Chic Quarter;8,5;1300;Ragunan;575008;431256;3;Jakarta Selatan
Hotel Royal Juanda;7,6;1200;Juanda;211165;158374;2;Jakarta Pusat
DeGreen Inn Kebon Jeruk;7,9;1200;Srengseng;362408;271806;2;Jakarta Barat
Flagship 101 Apple Platinum;8,4;1200;Tanah Abang;350171;262628;2;Jakarta Pusat
Central Front One Inn Jakarta Airport;8,2;1200;Benda;373228;279921;2;Jakarta Utara
Sahati Hotel;8,3;1200;Ragunan;684570;513428;3;Jakarta Selatan
Aloft Jakarta Wahid Hasyim;8,8;1200;Kebon Sirih;2546667;1910000;4;Jakarta Pusat
ibis Styles Jakarta Simatupang;8,6;1200;Cilandak Barat;892287;669215;3;Jakarta Selatan
1O1 URBAN Jakarta Pemuda;8,8;1200;Rawamangun;764401;573301;3;Jakarta Timur
Arion Suites Hotel Kemang;8,4;1200;Kemang;783896;587922;4;Jakarta Selatan
Hotel Prapancha;7,7;1100;Kemang;290289;217717;1;Jakarta Selatan
Rumanami Residence;8,5;1100;Kemang;1064701;798526;1;Jakarta Selatan
Belvena Hotel;7,6;1100;Mangga Besar;220148;165111;2;Jakarta Barat
Sunbreeze Hotel;8;1100;Senayan;633190;474893;3;Jakarta Selatan
LeGreen Suite Poso;8,2;1100;Bendungan Hilir;421539;316154;1;Jakarta Selatan
Dafam Express Jaksa Jakarta;8,6;1100;Jaksa Street;939885;704914;2;Jakarta Pusat
New Raja Residence;9,2;1100;Grogol Selatan;368551;276413;2;Jakarta Barat
ibis Styles Jakarta Tanah Abang;8,6;1100;Tanah Abang;1036685;777514;4;Jakarta Pusat
Hilton Garden Inn Jakarta Taman Palem;8,7;1100;Cengkareng Barat;2460480;1845360;4;Jakarta Barat
Ashley Tanah Abang;9,1;1100;Tanah Abang;2595362;1946522;4;Jakarta Pusat
RedDoorz Plus @ Blue Pacific Blok M;7,8;981;Melawai;365035;273776;2;Jakarta Selatan
Hotel Istana Ratu;7;976;Jaksa Street;278460;208845;1;Jakarta Pusat
RedDoorz Plus near Kebayoran Baru Blok S;7,5;970;Tendean;365035;273776;2;Jakarta Selatan
LeGreen Suite Pejompongan;8;965;Bendungan Hilir;458847;344135;2;Jakarta Selatan
Terraz Tree Hotel;8,7;949;Tendean;440033;330025;3;Jakarta Selatan
Sanur Elok Residence;8,5;949;Rasuna Said;450451;337838;3;Jakarta Selatan
Pax Hotel;8,4;943;Pal Meriam;382200;286650;2;Jakarta Timur
Hotel 88 Blok M by WH;8,6;939;Melawai;819001;614251;2;Jakarta Selatan
NYENYAK MRT Lebak Bulus Simatupang;8,3;917;Lebak Bulus;305760;229320;1;Jakarta Selatan
Novotel Jakarta Cikini;8,8;903;Cikini;1584000;1188000;4;Jakarta Pusat
Grand Dafam Ancol Jakarta;8,4;901;Ancol;2203967;1652975;4;Jakarta Utara
Hotel Dequr Jakarta Kota;7,6;894;Pinangsia;251536;188652;3;Jakarta Barat
Jambuluwuk Thamrin Hotel;8,5;882;Thamrin;2479623;1859717;4;Jakarta Pusat
Tuju WK Homes Syariah;8,3;877;Cilandak Barat;235508;176631;1;Jakarta Selatan
Win Premier Hotel Mangga Besar;8;876;Mangga Besar;469560;352170;4;Jakarta Barat
Hotel Bintang Wisata Mandiri;8,3;870;Cikini;483224;362418;3;Jakarta Pusat
Nostoi;8,4;869;Karet;1087944;815958;3;Jakarta Pusat
Cantik Syari Hotel;8,7;853;Kebon Kacang;289929;217447;2;Jakarta Pusat
d'primahotel Bandara Jakarta Terminal 3 Pusat Kebugaran;8,7;843;Benda;1708921;1281691;3;Jakarta Utara
Le Meridien Jakarta;8,8;816;Sudirman;4600000;3450000;5;Jakarta Selatan
Hotel Permata Bandara;8,3;798;Benda;352716;264537;1;Jakarta Utara
Front One Boutique Hotel Taman Anggrek;9,1;790;Tanjung Duren;925036;693777;3;Jakarta Barat
Wow! 38 Hotel;8,4;787;Mangga Besar;232660;174495;1;Jakarta Barat
Padina Soho and Residence;8,9;748;Daan Mogot;328648;246486;3;Jakarta Barat
Odua Thamrin Jakarta;8,7;746;Thamrin;1419601;1064701;2;Jakarta Pusat
Hotel O Sarkawi Residence;8,2;745;Kebayoran Lama Utara;311617;233713;2;Jakarta Selatan
Antoni Hotel;8;744;Hayam Wuruk;543251;407438;3;Jakarta Barat
New Priok Indah Syariah Hotel;10;740;Lagoa;153104;114828;1;Jakarta Utara
Tuju Abuserin Syariah Hotel;8,3;718;Gandaria;213752;160314;1;Jakarta Selatan
Azana Suite Hotel Antasari;8,7;715;Cilandak Barat;844616;633462;4;Jakarta Selatan
FOX Lite Grogol Jakarta;9;713;Tanjung Duren;679853;509890;3;Jakarta Barat
Veranda Serviced Residence Puri;8,4;708;Puri Kembangan;1037402;778051;4;Jakarta Barat
Aloft South Jakarta;8,9;687;Cilandak Timur;1333333;1000000;4;Jakarta Selatan
Royal Palm Hotel & Conference Center Cengkareng;8,2;684;Cengkareng Timur;811659;608744;4;Jakarta Barat
The Pakis Sudirman - Jakarta;8,7;671;Setiabudi;589680;442260;3;Jakarta Selatan
Daun Residence Kuningan;8,6;626;Kuningan;589680;442260;3;Jakarta Selatan
Mercure Jakarta Batavia;8,6;625;Roa Malaka;1558000;1168500;4;Jakarta Barat
RedDoorz Plus near Mangga Besar Station 2;7,3;615;Mangga Besar;279512;209634;3;Jakarta Barat
Oakwood Hotel & Apartments Taman Mini Jakarta;8,9;614;Taman Mini;1255801;941851;4;Jakarta Timur
Barito Mansion;8,9;599;Gandaria;1031941;773956;4;Jakarta Selatan
Sutasoma Hotel;8,9;567;Dharmawangsa;1556101;1167076;4;Jakarta Selatan
Karsa Utama Hotel;8;554;Kebon Kacang;337036;252777;2;Jakarta Pusat
Conjioo Hotel Jakarta Managed by MHM;9;549;Benda;676896;507672;3;Jakarta Utara
U Stay Hotel Style Batik;8,6;547;Tebet;519670;389753;3;Jakarta Selatan
Dwijaya House Of Pakubuwono;9;542;Gandaria;1326781;995086;4;Jakarta Selatan
Grand G7 Hotel Pasar Baru;9,1;541;Pasar Baru;887334;665500;1;Jakarta Pusat
Hotel 678 Kemang;8,5;537;Kemang;413043;309782;1;Jakarta Selatan
Daun Residence - Menteng;9;531;Menteng;631176;473382;3;Jakarta Pusat
Raffles Jakarta;9;523;Kuningan;6060000;4545000;5;Jakarta Selatan
Hotel O Residence Khoe;8,2;520;Tanjung Duren;337713;253285;2;Jakarta Barat
Front One Residence Syariah Mampang;8,7;513;Mampang Prapatan;268305;201229;1;Jakarta Selatan
Front One Cabin Sunter;8,1;513;Sunter;687961;515971;1;Jakarta Utara
Habibah Syariah Hotel;7,7;511;Tugu Selatan;231426;173570;1;Jakarta Utara
Hotel O Rumah Ayub Syariah;7,5;504;Pejaten Barat;253801;190351;1;Jakarta Selatan
Flamenco Urban Living;8,7;460;Petojo Selatan;457500;343125;1;Jakarta Pusat
BW Kemayoran Hotel & Convention Powered by Archipelago;8,7;456;Kemayoran;949976;712482;4;Jakarta Pusat
BW Express Jakarta Tanah Abang;9,4;453;Tanah Abang;712531;534398;3;Jakarta Pusat
Fairfield By Marriott Jakarta Soekarno-Hatta Airport;9,3;452;Benda;1200000;900000;4;Jakarta Utara
Hotel Marrakesh;8,3;448;Bendungan Hilir;663391;497543;3;Jakarta Selatan
Kemang Icon Hotel;8,2;434;Kemang;1806308;1354731;5;Jakarta Selatan
Hotel Tugu Asri;7,7;397;Tanah Abang;223587;167690;2;Jakarta Pusat
Sans Hotel Puri Indah Jakarta;8,8;392;Puri Kembangan;695594;521695;3;Jakarta Barat
Cityloog Hotel Tebet Jakarta;9,2;391;Manggarai Selatan;859623;644717;4;Jakarta Selatan
Moritz Hotel RSAB Harapan Kita Slipi;8,7;388;Kota Bambu;592101;444076;3;Jakarta Barat
Hotel Istana Bungur;7,7;385;Kemayoran;270553;202915;1;Jakarta Pusat
Qube Hotel by 98hospitality;8,6;385;Kelapa Gading Timur;1120393;840295;3;Jakarta Utara
Hotel Huswah Airport;7,6;379;Prepedan;275429;206572;1;Jakarta Barat
Hotel Anders Arjuna Selatan;8,2;368;Kemanggisan;311423;233567;1;Jakarta Selatan
JP Hotel Pluit By Maharani - CHSE Certified;8,4;366;Pluit;512255;384191;2;Jakarta Utara
Posto Dormire Sudirman;9,1;359;Bendungan Hilir;1638001;1228501;3;Jakarta Selatan
RedDoorz Plus @ Jalan Pemuda Jakarta;7,9;352;Jati;330636;247977;1;Jakarta Timur
Mimaru Hotel Jakarta Mangga Besar;9,3;342;Mangga Besar;774447;580835;3;Jakarta Barat
Sari Pacific Jakarta Autograph Collection;9;341;Thamrin;5333333;4000000;5;Jakarta Pusat
Tavia Heritage Hotel;9,3;337;Cempaka Putih Barat;972426;729320;4;Jakarta Pusat
Nagomi Suites & Hotel;9;334;Mahakam;2280099;1710074;4;Jakarta Selatan
Fontana Hotel Jakarta;8;330;Cipulir;417691;313268;1;Jakarta Selatan
Citadines Gatot Subroto Jakarta;9,3;321;Gatot Subroto;2000000;1500000;4;Jakarta Selatan
Hotel O Axl Residence;8;319;Pegangsaan Dua;319037;239278;1;Jakarta Utara
Goodrich Suites Jakarta;9;317;Cipete Utara;970143;727607;5;Jakarta Selatan
Collection O Gambir Near Masjid Istiqlal Dahulu Aleander Hotel;7,8;305;Pasar Baru;432003;324002;3;Jakarta Pusat
Capital O 90342 Kemang Garden;6,8;291;Kemang;235364;176523;1;Jakarta Selatan
GHURFATI WEDANA;9,1;291;Hayam Wuruk;313950;235463;1;Jakarta Barat
Daima Syariah Mansion;8,8;287;Tebet;305760;229320;1;Jakarta Selatan
Urbanview Hotel Slipi Inn Palmerah;8,7;285;Palmerah;315183;290624;2;Jakarta Barat
RedDoorz Premium near Ragunan Zoo 2;8;285;Ragunan;434664;325998;3;Jakarta Selatan
Jambrut Inn;8,3;285;Cikini;262804;197103;1;Jakarta Pusat
Ashley Tugu Tani Menteng;9,5;285;Kebon Sirih;2184777;1638583;4;Jakarta Pusat
Maia Hotel Jakarta;9;282;Kebon Kacang;2784603;2088452;4;Jakarta Pusat
Teduh Simatupang;9,2;279;Ragunan;584767;438575;3;Jakarta Selatan
Swiss-Belexpress Cideng;9,3;277;Petojo Selatan;1202169;901627;1;Jakarta Pusat
Collection O 92130 Hotel Fiducia Kaji;8;274;Petojo Utara;239847;179885;1;Jakarta Pusat
Izi Cozi Hotel Kemayoran;8;274;Gunung Sahari;311220;233415;3;Jakarta Selatan
Jambuluwuk Residence Pakubuwono;8,9;271;Gunung;613018;459763;3;Jakarta Selatan
Urbanview Hotel Cengkareng Jakarta by RedDoorz;8,5;264;Pegadungan;407642;305731;2;Jakarta Barat
Cove Arimbi;8,7;261;Pejaten Barat;362300;271725;1;Jakarta Selatan
Ethan Hotel Cilincing Plaza;8;258;Cilincing;308108;231081;1;Jakarta Utara
Grand Ametis Hotel Jakarta;9,1;257;Gunung Sahari;457729;343297;2;Jakarta Selatan
Hotel O Townhouse Oak Grand Orienchi;8,4;256;Fatmawati;383659;287744;1;Jakarta Selatan
ARTOTEL Casa Kuningan;9;256;Kuningan;1969527;1477145;4;Jakarta Selatan
Hotel O Kost Arie 1;6,7;254;Rawamangun;191895;143921;1;Jakarta Timur
Aruni Hotel;6,9;252;Ancol;208845;156634;1;Jakarta Utara
RedDoorz Plus @ Thamrin;8,5;252;Thamrin;442948;332211;2;Jakarta Pusat
Capital O 1121 Orienchi 2;8,2;251;Mangga Besar;280583;210437;2;Jakarta Barat
Horison Arcadia Wahid Hasyim;10;240;Kebon Sirih;1179951;884963;3;Jakarta Pusat
The Mango Suites by Flat06;9,1;235;Gandaria;544908;408681;1;Jakarta Selatan
Hotel Focus;8;233;Kebon Kacang;764401;573301;2;Jakarta Pusat
AI HOTEL JAKARTA THAMRIN;8,8;231;Thamrin;2798195;2098646;1;Jakarta Pusat
Horu Hotel Mangga Dua Square;9;230;Mangga Dua;650925;488194;1;Jakarta Utara
Sans Hotel Liv Ancol by RedDoorz;8,2;228;Ancol;337330;252998;3;Jakarta Utara
Lamandau House;9;225;Gandaria;1090909;818182;1;Jakarta Selatan
RedDoorz Plus @ Cideng Barat;8,4;225;Duri Pulo;360740;270555;2;Jakarta Barat
HABITARE Rasuna Jakarta;9,1;221;Rasuna Said;1754300;1315725;1;Jakarta Selatan
Graha Sumsel Jakarta;8,2;215;Pecenongan;4914005;3685504;3;Jakarta Pusat
UROOMS Tanah Abang;7,7;215;Kebon Melati;433035;324776;3;Jakarta Pusat
Nemuru Grand Suites;9,1;213;Tebet;1760852;1320639;4;Jakarta Selatan
Hotel O J&b Room Pramuka;7,1;212;Pal Meriam;205831;154373;1;Jakarta Timur
d'primahotel PIK Jakarta;9,1;212;Kapuk Muara;1067430;800573;3;Jakarta Utara
Urbanview Hotel Cantee Halim Perdanakusuma by RedDoorz;8,6;208;Halim;376340;282255;2;Jakarta Timur
Sans Hotel Roxy Jakarta;8,1;207;Cideng;335516;251637;3;Jakarta Pusat
Capital O 371 Kwitang Guest House;8,4;205;Kwitang;276451;207338;2;Jakarta Pusat
LeGreen Suite Sudirman;8,7;202;Setiabudi;458847;344135;1;Jakarta Selatan
Naraya Hotel Jakarta;8,9;200;Rawamangun;393120;294840;3;Jakarta Timur
RedDoorz Plus @ Kemayoran;6,4;199;Kemayoran;242615;181961;2;Jakarta Pusat
Cove Taman;8,1;198;Fatmawati;407587;305690;1;Jakarta Selatan
The Day Residence;9,1;196;Karet Semanggi;972109;729082;3;Jakarta Selatan
Luxeur Jakarta - Setiabudi;9,2;194;Setiabudi;1638001;1228501;3;Jakarta Selatan
Hotel Puri Maju;8,5;191;Jelambar;251597;188698;1;Jakarta Barat
Cove Veranda;8,2;190;Setu;245700;184275;1;Jakarta Timur
Cove Nawaprita;8,6;189;Lebak Bulus;414960;311220;1;Jakarta Selatan
RedDoorz Plus @ Pondok Labu;7,9;188;Pondok Labu;357415;268061;2;Jakarta Selatan
Sheraton Jakarta Soekarno Hatta Airport;9,4;187;Benda;2266667;1700000;5;Jakarta Utara
Hotel Alamanda;8;185;Petamburan;198692;149019;1;Jakarta Barat
U Stay Hotel Asem Baris;8,6;182;Tebet;405192;303894;2;Jakarta Selatan
Yufi Syariah Hotel;8,4;180;Kebon Kacang;363090;272318;1;Jakarta Pusat
PARKROYAL Serviced Suites Jakarta;9,4;180;Thamrin;5624686;4218514;4;Jakarta Pusat
Urbanview Hotel Bizhome Artha Gading Boulevard by RedDoorz;7,9;177;Kelapa Gading Barat;393435;295076;2;Jakarta Utara
Altona Hotel;8,3;174;Mangga Besar;371280;278460;2;Jakarta Barat
QNZ Hotel Tanah Abang - Jakarta;9,2;174;Tanah Abang;742562;556921;3;Jakarta Pusat
RedDoorz Plus @ Guntur Raya Setiabudi;8,7;173;Kuningan;364111;273083;2;Jakarta Selatan
Cove Urbanier;8,9;173;Cilandak Barat;469149;351862;3;Jakarta Selatan
Urbanview Caverna Gandaria by RedDoorz;8,2;170;Kebayoran Lama Utara;338357;295423;2;Jakarta Selatan
Cove Guntur Heritage;8,1;166;Kuningan;340026;255020;1;Jakarta Selatan
Nyenyak Senayan Benhil;8,2;164;Bendungan Hilir;240240;180180;1;Jakarta Selatan
Sans Hotel Rumah Kita Daan Mogot by RedDoorz;8,8;163;Daan Mogot;383949;287962;3;Jakarta Barat
Hotel Neo+ Airport - Jakarta;9;161;Benda;632409;474307;3;Jakarta Utara
Hotel Victory;9,1;160;Gondangdia;508600;381450;2;Jakarta Pusat
RedDoorz @ Jalan Jaksa;6,9;155;Jaksa Street;301280;225960;1;Jakarta Pusat
Jambuluwuk Residence Menteng;9,1;155;Cikini;613018;459763;3;Jakarta Pusat
ARTOTEL Casa Hangtuah;8,9;154;Gunung;1476370;1107277;3;Jakarta Selatan
RedDoorz Plus near Dunia Fantasi Ancol;9;153;Ancol;270805;230387;2;Jakarta Utara
Park Hyatt Jakarta;9,1;147;Kebon Sirih;6760000;5070000;5;Jakarta Pusat
FIERIS IZZY;9,2;146;Rawamangun;468468;351351;2;Jakarta Timur
ibis Jakarta Raden Saleh;9,4;146;Cikini;924000;693000;3;Jakarta Pusat
Pan Pacific Jakarta;9,6;144;Thamrin;5835234;4376426;5;Jakarta Pusat
True Blue Menteng Jakarta;9,2;143;Cikini;584767;438575;3;Jakarta Pusat
RedDoorz Plus near Ancol;8,8;140;Ancol;312600;234450;1;Jakarta Utara
DoubleTree by Hilton Jakarta Kemayoran;9,3;138;Kemayoran;2988995;2241747;4;Jakarta Pusat
Puri Sawo Manila;8,5;134;Jati Padang;233981;175486;1;Jakarta Selatan
RedDoorz Plus @ Danau Sunter Utara;6,8;134;Sunter;365035;273776;2;Jakarta Utara
Senior Living Care;8,8;131;Gunung Sahari;373959;280469;4;Jakarta Selatan
Sans Hotel Pesona Bekasi;8,8;128;Kalimalang;392120;294090;1;Jakarta Timur
The Home Srengseng;8,6;126;Srengseng;305760;229320;1;Jakarta Barat
RedDoorz near Puri Indah Lippo Mall 2;8,8;124;Meruya Utara;450277;337708;1;Jakarta Barat
Sans Hotel Max Living Cengkareng;8,6;124;Cengkareng Barat;355093;266320;2;Jakarta Barat
Cove River Haus;9;124;Kemang;435095;326321;1;Jakarta Selatan
Regato Suites;8,4;123;Jagakarsa;540540;405405;1;Jakarta Selatan
The St. Regis Jakarta;9,1;123;Kuningan;6660000;4995000;5;Jakarta Selatan
Cove Bona Sort Pasar Baru;8,4;123;Pasar Baru;396265;297199;1;Jakarta Pusat
Cove Oekude Residence;7,3;117;Gunung Sahari;193994;145495;1;Jakarta Selatan
Sans Hotel Kelapa Gading Jakarta;8,9;112;Pegangsaan Dua;506719;380039;2;Jakarta Utara
Sans Hotel Kedoya;8,8;111;Kedoya Selatan;504702;378527;1;Jakarta Barat
Urbanview Hotel Pasar Baru Jakarta by RedDoorz;8,4;111;Pasar Baru;271233;203425;1;Jakarta Pusat
Reddoorz Plus @ Rawamangun;7,8;111;Rawamangun;350991;263243;2;Jakarta Timur
RedDoorz Plus near RSCM Jakarta;7,8;106;Kramat;299412;224559;1;Jakarta Pusat
RedDoorz Plus Syariah dekat Mall Pondok Indah;8,5;105;Kebayoran Lama Selatan;254104;214724;1;Jakarta Selatan
RedDoorz Near Gajah Mada Plaza 2;7,3;102;Gajah Mada;244705;183529;1;Jakarta Barat
Model J Hotel Jakarta Soekarno - Hatta Airport;9,5;102;Benda;753481;565111;4;Jakarta Utara
RedDoorz near Sarinah Jakarta;7,5;101;Tanah Abang;271383;203537;1;Jakarta Pusat
Urbanview Hotel Puri Indah;9;100;Meruya Utara;604475;453356;1;Jakarta Barat
Eascot Hotel Mitra RedDoorz;8,3;98;Bendungan Hilir;245695;210982;1;Jakarta Selatan
RedDoorz Plus near ITC Cempaka Mas 2;8;98;Sunter;288406;216304;2;Jakarta Utara
RedDoorz near Taman Palem;8,5;97;Cengkareng Barat;386344;289758;1;Jakarta Barat
RedDoorz Plus dekat Taman Anggrek Mall;8,6;96;Tanjung Duren;371381;278536;2;Jakarta Barat
Townhouse OAK Hotel Fiducia Pasar Minggu;8;96;Pejaten Timur;301156;225867;1;Jakarta Selatan
RedDoorz Resort @ Taman Wisata Mangrove;8,5;95;Kamal Muara;414349;310762;1;Jakarta Barat
RedDoorz near Cipinang Indah Mall;6,9;93;Duren Sawit;317245;237934;1;Jakarta Timur
D'Arcici Sunter;8,4;93;Sunter;410936;308202;3;Jakarta Utara
Bungur Inn Syariah;7,7;93;Kebayoran Lama Utara;204408;153306;1;Jakarta Selatan
RedDoorz Syariah @ Jatinegara;7,6;91;Bidaracina;259786;194839;1;Jakarta Timur
RedDoorz Plus near Mall Slipi Jaya;8,6;91;Kemanggisan;314507;235880;2;Jakarta Selatan
Mövenpick Hotel Jakarta City Centre;9,7;91;Harmoni;2381335;1786001;5;Jakarta Pusat
RedDoorz Plus near Taman Rasuna Menteng;6,9;89;Kuningan;300294;225220;1;Jakarta Selatan
D'Padmaya Residence;8,5;89;Bendungan Hilir;1528802;1146601;2;Jakarta Selatan
Roosseno Plaza Serviced Apartment;8,4;88;Kemang;936638;702479;3;Jakarta Selatan
Cove Accordia Residence;7,5;88;Kramat;396973;297730;1;Jakarta Pusat
RedDoorz Plus near Mall Ciputra Jakarta;8,3;87;Tanjung Duren;344026;258019;2;Jakarta Barat
RedDoorz Plus near Jakarta Kota Station;7,2;87;Pinangsia;248338;186254;2;Jakarta Barat
Marson Interkota Residence Mitra RedDoorz;6,3;85;Duri Kosambi;225442;169082;1;Jakarta Barat
Urbanview Hotel Minongga Pondok Labu by RedDoorz;7,7;83;Pondok Labu;365035;273776;2;Jakarta Selatan
Hotel 88 Kedoya Jakarta;8,9;82;Kedoya Selatan;414960;311220;2;Jakarta Barat
Cove Senja;8,7;81;Bendungan Hilir;440896;330672;1;Jakarta Selatan
Sahid Bandara Soekarno Hatta ex Favehotel Bandara;8,9;79;Benda;851761;638821;3;Jakarta Utara
RedDoorz Syariah Plus near Pancoran 2;8,3;77;Pancoran;343722;257792;2;Jakarta Selatan
Tengah Tengah;8,6;76;Rasuna Said;458257;343693;1;Jakarta Selatan
Grace Residences Glodok;8,3;76;Glodok;262080;196560;1;Jakarta Barat
RedDoorz Plus near RS Royal Taruma Grogol;7,2;76;Grogol;308204;231153;2;Jakarta Barat
Hotel O Balcon Biru;7,8;73;Kartini;222060;166545;2;Jakarta Pusat
Hotel Alifah 2;8,5;72;Benda;139776;104832;1;Jakarta Utara
Cove Aventurine;8,9;72;Mangga Besar;294840;221130;1;Jakarta Barat
Hotel Kos Katalia Tomang;7,6;71;Kota Bambu;165289;123967;1;Jakarta Barat
RedDoorz dekat Stasiun Palmerah;8,1;69;Sukabumi Utara;303857;227893;1;Jakarta Barat
RedDoorz near RSUD Koja;8,3;68;Lagoa;369405;277054;1;Jakarta Utara
Cove Art Living;8,6;68;Tebet;530712;398034;1;Jakarta Selatan
Ian Hotel Jaksa Mitra RedDoorz;7,8;67;Kebon Sirih;349483;262112;1;Jakarta Pusat
RedDoorz @ Stariez Kemang;8,1;66;Kemang;337993;253495;1;Jakarta Selatan
RedDoorz Plus near Radio Dalam 3;8,3;66;Gandaria;310771;265486;2;Jakarta Selatan
ARTOTEL Hub Simpang Temu;9,4;66;Thamrin;4848347;3636260;4;Jakarta Pusat
RedDoorz @ Ruko ITC Roxy Mas;8,9;64;Cideng;323941;242956;1;Jakarta Pusat
Lume'os Hotel;9,2;62;Cempaka Putih Timur;592590;444442;3;Jakarta Pusat
True Blue Sanno Pluit  Jakarta;9,2;62;Pluit;471074;353306;3;Jakarta Utara
Brahma Hotel Mitra RedDoorz;8,4;61;Utan Kayu Utara;397584;298188;1;Jakarta Timur
Swahouse Tanjung Priok Syariah Mitra RedDoorz;6,7;61;Kebon Bawang;271233;203425;1;Jakarta Utara
Townhouse Oak Gunung Sahari Near Ancol;7,4;61;Pademangan Barat;491809;368857;3;Jakarta Utara
Cove Casagio;8,9;61;Cipete Utara;502408;376806;1;Jakarta Selatan
Cove MK House Senopati;9,1;60;Rawa Barat;582401;436801;1;Jakarta Selatan
Wisma Talenta Mitra RedDoorz;8,3;59;Tanah Tinggi;317245;237934;1;Jakarta Pusat
Urbanview Hotel Jagakarsa by RedDoorz;8;59;Jakarta Selatan;328576;246432;2;Jakarta Selatan
RedDoorz Plus near Senayan City;8,5;58;Gunung;394504;295878;2;Jakarta Selatan
d'primahotel Harmoni Jakarta - Hayam Wuruk;9,4;58;Harmoni;661157;495868;3;Jakarta Pusat
RedDoorz near Soekarno Hatta Airport;8,2;57;Benda;257573;193180;1;Jakarta Utara
Dpaseban Jakarta Mitra RedDoorz;8,1;57;Kramat;297162;222871;1;Jakarta Pusat
RedDoorz near Pasar Baru 3;8,3;57;Mangga Besar;308204;231153;1;Jakarta Barat
Slipi Inn;8;57;Palmerah;451470;338602;3;Jakarta Barat
Reddoorz near ITC Mangga Dua;7,2;56;Mangga Dua;299852;224889;1;Jakarta Utara
Collection O Tanah Abang Near Stasiun Tanah Abang Dahulu Hotel Bimo Slipi;7,4;56;Kota Bambu;487250;365437;2;Jakarta Barat
RedDoorz Plus @ Pitagiri GBK Senayan;8,3;55;Palmerah;263525;238840;1;Jakarta Barat
HOTEL GADING BATAVIA;8,7;55;Kelapa Gading Barat;273000;204750;1;Jakarta Utara
Urbanview Hotel Kota Tua Jakarta;8,6;53;Penjaringan;319305;239479;2;Jakarta Utara
RedDoorz Plus dekat Bandara Soekarno Hatta Taman Mahkota;8,6;50;Benda;271223;203417;1;Jakarta Utara
Roemah Tebet Mitra RedDoorz;8;49;Tebet;467204;350403;1;Jakarta Selatan
Apartemen Taman Anggrek;9;49;Tanjung Duren;826447;619835;2;Jakarta Barat
RedDoorz Plus near Soekarno Hatta Airport 2;9,2;49;Benda;245887;184415;3;Jakarta Utara
IOTEL Dharmawangsa;8,4;46;Panglima Polim;611520;458640;1;Jakarta Selatan
RedDoorz @ Cilandak Timur;8,2;46;Cilandak Timur;374263;280697;1;Jakarta Selatan
RedDoorz near Tanjung Duren 2;8,2;45;Daan Mogot;353222;264917;1;Jakarta Barat
RedDoorz Plus near Taman Ismail Marzuki;8,6;45;Cikini;391297;293473;2;Jakarta Pusat
RedDoorz near Halim Perdanakusuma 3;8,1;44;Kebon Pala;357930;268448;1;Jakarta Timur
Hotel O J&B Smart Jatinegara;8,2;43;Bidaracina;263613;197710;1;Jakarta Timur
Sambina Prime;9;43;Pegadungan;404272;303204;3;Jakarta Barat
Family Residence Mitra RedDoorz;7,5;42;Kuningan;294128;220596;1;Jakarta Selatan
Metro Hotel near Kota Tua Mitra RedDoorz;7,8;42;Mangga Besar;328472;246354;1;Jakarta Barat
RedDoorz Plus Near Halim Perdanakusuma 2;7,6;42;Kebon Pala;339918;254939;2;Jakarta Timur
The Risman Hotel;9,2;42;Benda;570489;427867;2;Jakarta Utara
Urbanview Hotel Vineyard Inn;9;41;Cengkareng Timur;393638;295229;3;Jakarta Barat
RedDoorz near Binus Anggrek 2;7,6;40;Palmerah;267818;230823;1;Jakarta Barat
RedDoorz near Mangga Dua Mall;7,9;39;Mangga Dua;248338;186254;1;Jakarta Utara
Star Hotel Jaksa Mitra RedDoorz;8,4;39;Kebon Sirih;319338;239503;1;Jakarta Pusat
RedDoorz near Plaza Senayan;7,6;38;Senayan;415349;311512;1;Jakarta Selatan
RedDoorz @ Kemanggisan Raya;7,5;38;Kemanggisan;348132;261099;1;Jakarta Selatan
Ichiza Room RedPartner;7,2;37;Mangga Besar;254061;190546;1;Jakarta Barat
Urbanview Greenville Jakarta;9,3;37;Duri Kepa;421755;316316;3;Jakarta Barat
RedDoorz near Graha Cijantung Mall;8,2;36;Susukan;365035;273776;1;Jakarta Timur
C'One Pulomas Hotel;8,9;36;Kayu Putih;339067;254300;2;Jakarta Timur
RedDoorz near Seasons City Mall;8,2;35;Jelambar;350706;263030;1;Jakarta Barat
RedDoorz near Jakarta International Velodrome;7,2;35;Jati;317024;237768;2;Jakarta Timur
RedDoorz Premium near Stasiun Lenteng Agung;7,6;35;Jagakarsa;437753;328315;3;Jakarta Selatan
Mangkuluhur Residences by Lorin;9,2;35;Karet Semanggi;3248703;2436527;5;Jakarta Selatan
RedDoorz near Mangga Dua Square;6,6;34;Gunung Sahari;225442;169082;1;Jakarta Selatan
RedDoorz @ Tanjung Duren;7,5;34;Tanjung Duren;299918;224939;1;Jakarta Barat
Ra Inn Setiabudi;9,1;34;Kuningan;791702;593776;2;Jakarta Selatan
Collection O Mangga Besar Near Mangga Besar Station;8;34;Mangga Besar;415214;311411;2;Jakarta Barat
Sans Hotel Cengkareng;8,8;34;Cengkareng Timur;421863;316397;3;Jakarta Barat
RedDoorz Plus @ Jalan Gatot Subroto Jakarta;8,9;33;Gatot Subroto;510789;383092;1;Jakarta Selatan
RedDoorz near ITC Cempaka Mas;6,3;33;Sunter;322718;242038;1;Jakarta Utara
RedDoorz Plus near Hayam Wuruk 2;7,8;33;Hayam Wuruk;297162;222871;2;Jakarta Barat
RedDoorz Plus dekat Semanggi;6,9;32;Senayan;328460;246345;1;Jakarta Selatan
RedDoorz near Kebon Jeruk Jakarta;8,6;32;Duri Kepa;406525;304894;1;Jakarta Barat
RedDoorz near Universitas YARSI;6,5;31;Cempaka Baru;241487;181115;1;Jakarta Pusat
RedDoorz Syariah near Stasiun Karet;8,4;31;Kebon Melati;255935;191951;1;Jakarta Pusat
RedDoorz Plus near Grand Indonesia Jakarta;8,4;30;Kebon Kacang;331176;248382;1;Jakarta Pusat
HOTEL DENGAN OK;9,1;30;Tanah Tinggi;1447108;1085331;3;Jakarta Pusat
Reddoorz Near GOR POPKI;7,3;29;Cibubur;282681;212011;1;Jakarta Timur
RedDoorz @ Meruya 2;7,2;29;Meruya Selatan;369775;277331;1;Jakarta Barat
Audah Guesthouse Syariah RedPartner;7,9;29;Setiabudi;275587;206690;1;Jakarta Selatan
Fazza Syariah Mitra RedDoorz;9;28;Cipinang;344026;258019;1;Jakarta Timur
RedDoorz near Pondok Indah Water Park;6,7;28;Pondok Indah;220596;187430;1;Jakarta Selatan
Habitat@Gandaria;8,3;28;Kebayoran Lama Utara;564829;423622;1;Jakarta Selatan
Pondok Labu Residence;9,3;27;Pondok Labu;275482;206612;1;Jakarta Selatan
Urbanview Hotel Syariah The Ragunan Residence;8,8;27;Ragunan;464472;348354;1;Jakarta Selatan
RedDoorz near Central Park Mall;7,8;27;Tomang;306631;229973;1;Jakarta Barat
RedDoorz near Kota Tua 2;8,7;27;Roa Malaka;293998;220498;1;Jakarta Barat
ROOMS INC Sudirman â€“ Jakarta;9,5;27;Karet;749311;561983;3;Jakarta Pusat
Portal Residence;8,5;27;Kemanggisan;328368;246276;1;Jakarta Selatan
An Hotel Satrio Kuningan;7,9;27;Kuningan;389937;292453;2;Jakarta Selatan
RedDoorz Syariah @ Taman Bendungan Asahan;6,9;26;Bendungan Hilir;212506;183283;1;Jakarta Selatan
RedDoorz near Cilandak Town Square;8,2;25;Cilandak Barat;415306;311480;1;Jakarta Selatan
RedDoorz near Taman Mini Jakarta;7,8;25;Dukuh;282255;256815;1;Jakarta Timur
Agnes Residence near Blok M Mitra RedDoorz;7,9;25;Kemang;299918;224939;1;Jakarta Selatan
RedDoorz @ Meruya Utara;8;23;Meruya Utara;378695;284021;1;Jakarta Barat
RedDoorz near Stasiun Senen;8,8;23;Gunung Sahari;415306;311480;1;Jakarta Selatan
Hotel Alifah 1;7,7;23;Prepedan;350146;262610;1;Jakarta Barat
RedDoorz near Seasons City Mall 3;7,8;22;Grogol;357415;268061;1;Jakarta Barat
Cove Melita;8,5;22;Kemanggisan;303334;227500;1;Jakarta Selatan
Snow White Residence near Grogol Mitra RedDoorz;7,6;21;Grogol;288406;216304;1;Jakarta Barat
Collection O Pondok Indah Near Gandaria City Dahulu Lamaison Residence;6,6;21;Gandaria;523534;392650;3;Jakarta Selatan
Caspella Suites Hotel Kemayoran;8,7;21;Kemayoran;3439804;2579853;4;Jakarta Pusat
RedDoorz @ Jagakarsa 2;7,8;20;Jagakarsa;391297;293473;1;Jakarta Selatan
RedDoorz @ Jalan Biak Roxy Jakarta;7,6;20;Cideng;293982;220487;1;Jakarta Pusat
Pondok Malabar Mitra RedDoorz;8,7;20;Kemanggisan;295889;221917;1;Jakarta Selatan
GIIA Maluku Hotel;9,3;20;Kebon Kacang;2151274;1613455;3;Jakarta Pusat
Hotel Serasi 2;7;20;Benda;190519;142889;1;Jakarta Utara
RedDoorz @ Kemang Dalam;8,2;19;Kemang;321046;240785;1;Jakarta Selatan
RedDoorz near Jalan Cikini;8,2;19;Kenari;330636;247977;1;Jakarta Pusat
RedDoorz Plus near Trisakti University;7,8;19;Grogol;254502;190876;1;Jakarta Barat
Hotel O Pondok Indah Near Gandaria City Dahulu Odori Residence;7,5;19;Pondok Pinang;580548;435411;3;Jakarta Selatan
RedDoorz syariah near AEON Mall Tanjung Barat;8,3;18;Pasar Minggu;298706;224030;1;Jakarta Selatan
RedDoorz @ Kebon Kacang;7,8;18;Kebon Kacang;349575;262181;1;Jakarta Pusat
RedDoorz @ Glodok;7,5;18;Jakarta Barat;317024;237768;1;Jakarta Barat
Wisma Pelangi 1;8,5;18;Kebon Kacang;545127;408845;4;Jakarta Pusat
Rays Hotel & Residence;8,4;18;Meruya Utara;270271;202703;1;Jakarta Barat
Casakota Hotel;9,1;18;Mangga Besar;365166;273874;1;Jakarta Barat
Cove Odilia Suite;8,9;18;Kemang;588844;441633;3;Jakarta Selatan
RedLiving 19 Avenue Apartment by RH Room;6,6;17;Daan Mogot;263298;197473;1;Jakarta Barat
NAM Kemayoran;8,8;16;Gunung Sahari;708709;531532;1;Jakarta Selatan
RedDoorz Plus @ Ampera Raya;7,8;15;Ragunan;414361;310771;1;Jakarta Selatan
Multi 88 syariah;8,8;15;Kebon Kacang;304876;228657;1;Jakarta Pusat
Bangka Suite Mitra RedDoorz;8,1;15;Kemang;541104;405828;1;Jakarta Selatan
AMS Hotel Koja;8,8;15;Rawa Badak Utara;303581;227686;2;Jakarta Utara
GiiA Sanno Hotel Pluit;8,6;15;Pluit;709642;532231;4;Jakarta Utara
Kemang Place near Lippo Mall Kemang Mitra RedDoorz;8;14;Ragunan;345608;259206;1;Jakarta Selatan
RedDoorz near Tarumanagara University;7,2;14;Grogol;317024;237768;1;Jakarta Barat
RedDoorz Syariah near PGC Cililitan;8,1;14;Cililitan;320130;240098;2;Jakarta Timur
Cove Palacio;8,8;14;Srengseng;291571;218678;3;Jakarta Barat
Hotel Surabaya Jaya Bandara Soetta;7,5;13;Benda;226297;169723;1;Jakarta Utara
Citadines Connect Airport Jakarta;9,3;13;Benda;716254;537190;4;Jakarta Utara
RedDoorz @ Tebet Barat 2;7,8;12;Tebet;391434;293576;1;Jakarta Selatan
Urbanview Petukangan Mansion Jakarta;9,4;12;Petukangan Selatan;261717;224795;3;Jakarta Selatan
Urbanview Syariah Kost D33 Hutan Kota Srengseng;9;12;Srengseng;234726;204324;3;Jakarta Barat
Sultan Residence Syariah;6,8;12;Cilandak Barat;203051;152288;1;Jakarta Selatan
RedDoorz near Kemang Square;7,3;11;Fatmawati;317024;237768;1;Jakarta Selatan
RedDoorz Plus @ Sawah Besar;6,1;11;Mangga Besar;274945;206209;1;Jakarta Barat
Tangki Premier Residence RedPartner;6,2;11;Mangga Besar;236890;177667;1;Jakarta Barat
Hotel O Palmerah Near Binus University Formerly Wisma Bango;6,3;11;Sukabumi Utara;332232;249174;4;Jakarta Barat
7 Season;6,8;11;Cideng;420420;315315;1;Jakarta Pusat
Taisir Residence Near Palmerah Mitra RedDoorz;7,8;10;Palmerah;271233;203425;1;Jakarta Barat
RedLiving Apartemen Kalibata City - RH Room Tower Gaharu;6,2;10;Kalibata;404344;303258;3;Jakarta Selatan
RedDoorz Syariah near Grand Kota Bintang;8,8;9;Kalimalang;329516;247137;1;Jakarta Timur
Griya Sawamah Syariah Mitra RedDoorz;7,7;9;Kramat;281283;210962;1;Jakarta Pusat
JJ House Mitra RedDoorz;7,8;9;Kalideres;302579;226934;2;Jakarta Barat
Urbanview deâ€™ Dharmawangsa Suite Hotel;7,9;9;Cipete Utara;431502;323626;3;Jakarta Selatan
Kadina 19 Avenue;8;9;Daan Mogot;576335;432251;1;Jakarta Barat
Stay 'd Pondok Indah;7,2;9;Pondok Pinang;429333;322000;2;Jakarta Selatan
Cove Aspena Residence;9,2;9;Benda;345565;259174;3;Jakarta Utara
Kartini Populer Guest House RedPartner;6,7;8;Kartini;225442;169082;1;Jakarta Pusat
RedDoorz @ Radio Dalam;6,2;8;Gandaria;317024;237768;1;Jakarta Selatan
RedDoorz near Neo Soho Mall Jakarta;8,3;8;Tanjung Duren;295351;221513;1;Jakarta Barat
RedDoorz Near Stasiun Tanah Abang;7,1;8;Kota Bambu;225442;169082;2;Jakarta Barat
RedLiving Apartemen Sunter Park View - Emma Rooms;7,3;8;Sunter;477733;358300;2;Jakarta Utara
678 Hotel Cawang by Cocotel;9,3;8;Cipinang;596769;447577;3;Jakarta Timur
Swissôtel Living Jakarta Mega Kuningan;8,5;8;Kuningan;2533334;1900001;4;Jakarta Selatan
Urbanview Hotel De Breeze Kemang Jakarta by RedDoorz;8,6;7;Kemang;307326;230495;1;Jakarta Selatan
Penginapan Dison RedPartner;8,2;7;Cibubur;260666;195500;1;Jakarta Timur
House Of Livina Mitra RedDoorz;9,1;7;Kramat;281008;210756;2;Jakarta Pusat
Kostkan House;8,9;7;Kebon Kacang;293249;219937;3;Jakarta Pusat
Residence 21 Syariah;6,1;7;Pejaten Barat;192697;144523;1;Jakarta Selatan
The Segaran House (Syariah);8,7;6;Taman Mini;349662;262246;1;Jakarta Timur
RedDoorz Plus near Cilandak Town Square 2;8,5;6;Cilandak Barat;464485;348364;1;Jakarta Selatan
Hotel O Mangga Besar Near Kota Tua Formerly Fresh Hotel;7,5;6;Hayam Wuruk;470168;352626;1;Jakarta Barat
RedDoorz near RS Sari Asih Ciledug;6,3;6;Meruya Selatan;295406;221554;1;Jakarta Barat
Tanres House Syariah Cilandak Mitra RedDoorz;5,6;6;Cilandak Barat;294128;220596;1;Jakarta Selatan
NamRoom at Kalimalang;8,2;6;Kalimalang;289501;217126;2;Jakarta Timur
Shankee Sudirman;8,8;6;Karet;606060;454545;3;Jakarta Pusat
CQA Living By ARBA;7,3;5;Manggarai Selatan;755703;566777;1;Jakarta Selatan
Wisma Bintang RedPartner;8,3;5;Tanah Tinggi;267843;200882;1;Jakarta Pusat
Go Home Residence RedPartner;8,7;5;Petojo Utara;351367;263525;1;Jakarta Pusat
Kelowna Dwiwarna Residence;8,2;5;Mangga Besar;189877;142408;1;Jakarta Barat
Hotel O Pioneer Pasar Baru;6,8;5;Mangga Besar;263037;197278;1;Jakarta Barat
Urbanview Hotel Mroom PH Kemang;6,5;5;Kemang;351108;263331;3;Jakarta Selatan
ELONG Hotel Jakarta PIK;9,5;5;Kapuk Muara;1773333;1330000;4;Jakarta Utara
Roemah Tebet Powered by Cocotel;8,4;5;Tebet;352524;264393;2;Jakarta Selatan
Ow! Hotel Boutique;9,2;5;Gunung Sahari;749311;561983;3;Jakarta Selatan
Park5 Hotel Cilandak;9,1;5;Cilandak Barat;985832;739374;3;Jakarta Selatan
Palm Eight RedPartner;6,6;4;Petukangan Utara;447731;335798;1;Jakarta Selatan
RedDoorz near Tomang 2;8,7;4;Kemanggisan;363666;272749;1;Jakarta Selatan
Pulogadung Residence by Nam RedPartner;7,3;4;Rawa Terate;248338;186254;2;Jakarta Timur
MV Orienchi;7,8;4;Fatmawati;290826;218120;2;Jakarta Selatan
Jo Inn RedPartner;6,1;4;Gandaria;302588;226941;2;Jakarta Selatan
Hotel Manggis Inn;6,1;4;Mangga Besar;664366;498274;3;Jakarta Barat
SHAKTI SLEEP PASSER BAROE;8,6;4;Pasar Baru;218973;164230;1;Jakarta Pusat
Roemah Djatinegara Powered by Cocotel;8,4;4;Pal Meriam;210313;157735;1;Jakarta Timur
Hotel Taman Sari;7,5;4;Mangga Besar;218400;163800;1;Jakarta Barat
Royal City Hotel Jakarta;9,5;4;Cideng;898836;674127;3;Jakarta Pusat
Corvel by Behomy;9,4;4;Kwitang;334362;250771;3;Jakarta Pusat
GIIA SANNO MENTENG;9,4;4;Menteng;550964;413223;4;Jakarta Pusat
4N Residence RedPartner;7,2;3;Hayam Wuruk;236890;177667;1;Jakarta Barat
RedDoorz Plus near Mall Sunter;7,2;3;Sunter;333903;250427;3;Jakarta Utara
Collection O near MRT Cipete Raya formerly Terogong Sembilan;7,9;3;Gandaria;941339;706004;3;Jakarta Selatan
The Royale Sentra Tower Kuning;5,8;3;Pulogebang;300712;225534;2;Jakarta Timur
Cove Dra House;9,6;3;Cikini;499835;374876;3;Jakarta Pusat
Sans Hotel Liv Ancol;7,9;3;Ancol;353258;264943;3;Jakarta Utara
RedLiving Apartemen Sentra Timur - YN Idea Property Tower Kuning;7,2;2;Pulogebang;374263;280697;1;Jakarta Timur
RedDoorz near Pasar Baru 4;6,7;2;Kartini;225442;169082;1;Jakarta Pusat
Pulogadung Residence By NamRoom;8,3;2;Rawa Terate;167271;125453;2;Jakarta Timur
Hotel Prima Kos by SOLU;8,8;2;Mangga Besar;254766;191074;2;Jakarta Barat
RedDoorz Plus near Kemang Raya;9,1;2;Ragunan;347152;260364;3;Jakarta Selatan
Hotel O Pondok Indah Near Gandaria City Formerly Odori Residence;8,7;2;Pondok Pinang;659906;494929;3;Jakarta Selatan
Cove La Maison;9,4;2;Pondok Indah;489746;367310;1;Jakarta Selatan
Wisma Juanda Powered by Cocotel;8,2;2;Juanda;307002;230252;2;Jakarta Pusat
House of Tugu Old Town Jakarta;10;2;Pinangsia;8135160;6101370;4;Jakarta Barat
Modom Residencce;6,7;2;Pondok Kopi;233333;175000;2;Jakarta Timur
Hotel Borobudur Kemayoran Syariah RedPartner;10;1;Gunung Sahari;340782;255586;1;Jakarta Selatan
Orange Garden 47 RedPartner;8;1;Hayam Wuruk;273246;204935;1;Jakarta Barat
Fresh Place RedPartner;8,5;1;Hayam Wuruk;289726;217294;1;Jakarta Barat
RedDoorz @ Mangga Besar 2;9,4;1;Mangga Besar;328472;246354;1;Jakarta Barat
Mahkota Sivali near Soekarno Hatta Airport Mitra RedDoorz;8,5;1;Benda;241527;181145;1;Jakarta Utara
TnG Hotel RedPartner;9,1;1;Kartini;328472;246354;1;Jakarta Pusat
Losari Blok M2 Hotel Jakarta;8,5;1;Panglima Polim;621503;466127;2;Jakarta Selatan
Tanjung Duren Inn;9,7;1;Tanjung Duren;339055;254291;2;Jakarta Barat
Env Residence Mangga Besar RedPartner;8,5;1;Mangga Besar;302579;226934;2;Jakarta Barat
Pejaten Valley Residence By Zuzu;10;1;Pejaten Barat;599946;449959;3;Jakarta Selatan
Bangka Suite;8,2;1;Kemang;566283;424712;3;Jakarta Selatan
Nemuru Grand Bellevue Radio Dalam;8,4;1;Pondok Indah;1238149;928612;4;Jakarta Selatan
Bright Batavia Kota Tua;10;1;Mangga Besar;188339;141254;1;Jakarta Barat
LeGreen Suite Tebet;8;1;Tebet;421539;316154;2;Jakarta Selatan
Cempaka Residence By NamRoom;6,8;1;Tanah Tinggi;185333;139000;1;Jakarta Pusat
