Tanggal;Kurs
12/31/2025 12:00:00 AM;16720
12/30/2025 12:00:00 AM;16782
12/29/2025 12:00:00 AM;16788
12/24/2025 12:00:00 AM;16767
12/23/2025 12:00:00 AM;16790
12/22/2025 12:00:00 AM;16773
12/19/2025 12:00:00 AM;16735
12/18/2025 12:00:00 AM;16722
12/17/2025 12:00:00 AM;16698
12/16/2025 12:00:00 AM;16693
12/15/2025 12:00:00 AM;16669
12/12/2025 00:00;16652
12/11/2025 00:00;16668
12/10/2025 00:00;16688
12/09/2025 00:00;16677
12/08/2025 00:00;16688
12/05/2025 00:00;16655
12/04/2025 00:00;16646
12/03/2025 00:00;16632
12/02/2025 00:00;16632
12/01/2025 00:00;16668
11/28/2025 12:00:00 AM;16661
11/27/2025 12:00:00 AM;16644
11/26/2025 12:00:00 AM;16673
11/25/2025 12:00:00 AM;16667
11/24/2025 12:00:00 AM;16709
11/21/2025 12:00:00 AM;16719
11/20/2025 12:00:00 AM;16742
11/19/2025 12:00:00 AM;16732
11/18/2025 12:00:00 AM;16760
11/17/2025 12:00:00 AM;16734
11/14/2025 12:00:00 AM;16710
11/13/2025 12:00:00 AM;16732
11/12/2025 00:00;16722
11/11/2025 00:00;16698
11/10/2025 00:00;16666
11/07/2025 00:00;16704
11/06/2025 00:00;16707
11/05/2025 00:00;16729
11/04/2025 00:00;16724
11/03/2025 00:00;16664
10/31/2025 12:00:00 AM;16625
10/30/2025 12:00:00 AM;16640
10/29/2025 12:00:00 AM;16631
10/28/2025 12:00:00 AM;16622
10/27/2025 12:00:00 AM;16628
10/24/2025 12:00:00 AM;16630
10/23/2025 12:00:00 AM;16645
10/22/2025 12:00:00 AM;16617
10/21/2025 12:00:00 AM;16589
10/20/2025 12:00:00 AM;16585
10/17/2025 12:00:00 AM;16590
10/16/2025 12:00:00 AM;16580
10/15/2025 12:00:00 AM;16577
10/14/2025 12:00:00 AM;16577
10/13/2025 12:00:00 AM;16580
10/10/2025 00:00;16585
10/09/2025 00:00;16534
10/08/2025 00:00;16606
10/07/2025 00:00;16560
10/06/2025 00:00;16598
10/03/2025 00:00;16611
10/02/2025 00:00;16612
10/01/2025 00:00;16680
9/30/2025 12:00:00 AM;16692
9/29/2025 12:00:00 AM;16680
9/26/2025 12:00:00 AM;16775
9/25/2025 12:00:00 AM;16752
9/24/2025 12:00:00 AM;16680
9/23/2025 12:00:00 AM;16636
9/22/2025 12:00:00 AM;16607
9/19/2025 12:00:00 AM;16578
9/18/2025 12:00:00 AM;16498
9/17/2025 12:00:00 AM;16430
9/16/2025 12:00:00 AM;16385
9/15/2025 12:00:00 AM;16405
09/12/2025 00:00;16391
09/11/2025 00:00;16468
09/10/2025 00:00;16457
09/09/2025 00:00;16462
09/08/2025 00:00;16348
09/04/2025 00:00;16438
09/03/2025 00:00;16424
09/02/2025 00:00;16418
09/01/2025 00:00;16463
8/29/2025 12:00:00 AM;16461
8/28/2025 12:00:00 AM;16356
8/27/2025 12:00:00 AM;16355
8/26/2025 12:00:00 AM;16277
8/25/2025 12:00:00 AM;16255
8/22/2025 12:00:00 AM;16340
8/21/2025 12:00:00 AM;16283
8/20/2025 12:00:00 AM;16291
8/19/2025 12:00:00 AM;16241
8/15/2025 12:00:00 AM;16162
8/14/2025 12:00:00 AM;16109
8/13/2025 12:00:00 AM;16237
08/12/2025 00:00;16298
08/11/2025 00:00;16253
08/08/2025 00:00;16299
08/07/2025 00:00;16312
08/06/2025 00:00;16379
08/05/2025 00:00;16388
08/04/2025 00:00;16388
08/01/2025 00:00;16494
7/31/2025 12:00:00 AM;16459
7/30/2025 12:00:00 AM;16387
7/29/2025 12:00:00 AM;16399
7/28/2025 12:00:00 AM;16341
7/25/2025 12:00:00 AM;16325
7/24/2025 12:00:00 AM;16283
7/23/2025 12:00:00 AM;16298
7/22/2025 12:00:00 AM;16307
7/21/2025 12:00:00 AM;16330
7/18/2025 12:00:00 AM;16301
7/17/2025 12:00:00 AM;16329
7/16/2025 12:00:00 AM;16288
7/15/2025 12:00:00 AM;16281
7/14/2025 12:00:00 AM;16247
07/11/2025 00:00;16221
07/10/2025 00:00;16220
07/09/2025 00:00;16254
07/08/2025 00:00;16238
07/07/2025 00:00;16237
07/04/2025 00:00;16204
07/03/2025 00:00;16209
07/02/2025 00:00;16236
07/01/2025 00:00;16192
6/30/2025 12:00:00 AM;16231
6/26/2025 12:00:00 AM;16233
6/25/2025 12:00:00 AM;16292
6/24/2025 12:00:00 AM;16370
6/23/2025 12:00:00 AM;16484
6/20/2025 12:00:00 AM;16399
6/19/2025 12:00:00 AM;16378
6/18/2025 12:00:00 AM;16319
6/17/2025 12:00:00 AM;16281
6/16/2025 12:00:00 AM;16296
6/13/2025 12:00:00 AM;16293
06/12/2025 00:00;16237
06/11/2025 00:00;16265
06/10/2025 00:00;16276
06/05/2025 00:00;16277
06/04/2025 00:00;16305
06/03/2025 00:00;16288
06/02/2025 00:00;16297
5/28/2025 12:00:00 AM;16300
5/27/2025 12:00:00 AM;16255
5/26/2025 12:00:00 AM;16207
5/23/2025 12:00:00 AM;16289
5/22/2025 12:00:00 AM;16313
5/21/2025 12:00:00 AM;16413
5/20/2025 12:00:00 AM;16406
5/19/2025 12:00:00 AM;16455
5/16/2025 12:00:00 AM;16424
5/15/2025 12:00:00 AM;16535
5/14/2025 12:00:00 AM;16568
05/09/2025 00:00;16532
05/08/2025 00:00;16497
05/07/2025 00:00;16533
05/06/2025 00:00;16472
05/05/2025 00:00;16421
05/02/2025 00:00;16493
4/30/2025 12:00:00 AM;16679
4/29/2025 12:00:00 AM;16787
4/28/2025 12:00:00 AM;16862
4/25/2025 12:00:00 AM;16829
4/24/2025 12:00:00 AM;16884
4/23/2025 12:00:00 AM;16880
4/22/2025 12:00:00 AM;16862
4/21/2025 12:00:00 AM;16808
4/17/2025 12:00:00 AM;16833
4/16/2025 12:00:00 AM;16845
4/15/2025 12:00:00 AM;16815
4/14/2025 12:00:00 AM;16773
04/11/2025 00:00;16805
04/10/2025 00:00;16779
04/09/2025 00:00;16943
04/08/2025 00:00;16849
3/27/2025 12:00:00 AM;16566
3/26/2025 12:00:00 AM;16588
3/25/2025 12:00:00 AM;16622
3/24/2025 12:00:00 AM;16561
3/21/2025 12:00:00 AM;16501
3/20/2025 12:00:00 AM;16481
3/19/2025 12:00:00 AM;16528
3/18/2025 12:00:00 AM;16432
3/17/2025 12:00:00 AM;16379
3/14/2025 12:00:00 AM;16392
3/13/2025 12:00:00 AM;16428
03/12/2025 00:00;16453
03/11/2025 00:00;16430
03/10/2025 00:00;16326
03/07/2025 00:00;16336
03/06/2025 00:00;16315
03/05/2025 00:00;16371
03/04/2025 00:00;16443
03/03/2025 00:00;16506
2/28/2025 12:00:00 AM;16575
2/27/2025 12:00:00 AM;16431
2/26/2025 12:00:00 AM;16387
2/25/2025 12:00:00 AM;16316
2/24/2025 12:00:00 AM;16303
2/21/2025 12:00:00 AM;16300
2/20/2025 12:00:00 AM;16344
2/19/2025 12:00:00 AM;16357
2/18/2025 12:00:00 AM;16275
2/17/2025 12:00:00 AM;16208
2/14/2025 12:00:00 AM;16285
2/13/2025 12:00:00 AM;16365
02/12/2025 00:00;16364
02/11/2025 00:00;16380
02/10/2025 00:00;16350
02/07/2025 00:00;16325
02/06/2025 00:00;16330
02/05/2025 00:00;16308
02/04/2025 00:00;16365
02/03/2025 00:00;16453
1/31/2025 12:00:00 AM;16312
1/30/2025 12:00:00 AM;16259
1/24/2025 12:00:00 AM;16200
1/23/2025 12:00:00 AM;16276
1/22/2025 12:00:00 AM;16327
1/21/2025 12:00:00 AM;16331
1/20/2025 12:00:00 AM;16372
1/17/2025 12:00:00 AM;16373
1/16/2025 12:00:00 AM;16378
1/15/2025 12:00:00 AM;16311
1/14/2025 12:00:00 AM;16265
1/13/2025 12:00:00 AM;16281
01/10/2025 00:00;16194
01/09/2025 00:00;16238
01/08/2025 00:00;16201
01/07/2025 00:00;16169
01/06/2025 00:00;16193
01/03/2025 00:00;16217
01/02/2025 00:00;16236
12/31/2024 12:00:00 AM;16157
12/30/2024 12:00:00 AM;16162
12/27/2024 12:00:00 AM;16251
12/24/2024 12:00:00 AM;16208
12/23/2024 12:00:00 AM;16159
12/20/2024 12:00:00 AM;16270
12/19/2024 12:00:00 AM;16277
12/18/2024 12:00:00 AM;16100
12/17/2024 12:00:00 AM;16050
12/16/2024 12:00:00 AM;16019
12/13/2024 12:00:00 AM;15987
12/12/2024 00:00;15939
12/11/2024 00:00;15905
12/10/2024 00:00;15874
12/09/2024 00:00;15861
12/06/2024 00:00;15848
12/05/2024 00:00;15892
12/04/2024 00:00;15957
12/03/2024 00:00;15950
12/02/2024 00:00;15905
11/29/2024 12:00:00 AM;15856
11/28/2024 12:00:00 AM;15864
11/26/2024 12:00:00 AM;15930
11/25/2024 12:00:00 AM;15864
11/22/2024 12:00:00 AM;15911
11/21/2024 12:00:00 AM;15942
11/20/2024 12:00:00 AM;15858
11/19/2024 12:00:00 AM;15816
11/18/2024 12:00:00 AM;15848
11/15/2024 12:00:00 AM;15888
11/14/2024 12:00:00 AM;15873
11/13/2024 12:00:00 AM;15782
11/12/2024 00:00;15771
11/11/2024 00:00;15677
11/08/2024 00:00;15671
11/07/2024 00:00;15767
11/06/2024 00:00;15840
11/05/2024 00:00;15766
11/04/2024 00:00;15751
11/01/2024 00:00;15723
10/31/2024 12:00:00 AM;15705
10/30/2024 12:00:00 AM;15732
10/29/2024 12:00:00 AM;15760
10/28/2024 12:00:00 AM;15729
10/25/2024 12:00:00 AM;15629
10/24/2024 12:00:00 AM;15593
10/23/2024 12:00:00 AM;15620
10/22/2024 12:00:00 AM;15560
10/21/2024 12:00:00 AM;15465
10/18/2024 12:00:00 AM;15466
10/17/2024 12:00:00 AM;15516
10/16/2024 12:00:00 AM;15536
10/15/2024 12:00:00 AM;15555
10/14/2024 12:00:00 AM;15581
10/11/2024 00:00;15609
10/10/2024 00:00;15658
10/09/2024 00:00;15607
10/08/2024 00:00;15671
10/07/2024 00:00;15680
10/04/2024 00:00;15495
10/03/2024 00:00;15394
10/02/2024 00:00;15247
10/01/2024 00:00;15204
9/30/2024 12:00:00 AM;15144
9/27/2024 12:00:00 AM;15138
9/26/2024 12:00:00 AM;15171
9/25/2024 12:00:00 AM;15092
9/24/2024 12:00:00 AM;15186
9/23/2024 12:00:00 AM;15191
9/20/2024 12:00:00 AM;15100
9/19/2024 12:00:00 AM;15287
9/18/2024 12:00:00 AM;15350
9/17/2024 12:00:00 AM;15338
9/13/2024 12:00:00 AM;15405
09/12/2024 00:00;15421
09/11/2024 00:00;15415
09/10/2024 00:00;15447
09/09/2024 00:00;15446
09/06/2024 00:00;15372
09/05/2024 00:00;15410
09/04/2024 00:00;15490
09/03/2024 00:00;15557
09/02/2024 00:00;15536
8/30/2024 12:00:00 AM;15473
8/29/2024 12:00:00 AM;15409
8/28/2024 12:00:00 AM;15476
8/27/2024 12:00:00 AM;15509
8/26/2024 12:00:00 AM;15380
8/23/2024 12:00:00 AM;15554
8/22/2024 12:00:00 AM;15579
8/21/2024 12:00:00 AM;15456
8/20/2024 12:00:00 AM;15480
8/19/2024 12:00:00 AM;15591
8/16/2024 12:00:00 AM;15716
8/15/2024 12:00:00 AM;15687
8/14/2024 12:00:00 AM;15691
8/13/2024 12:00:00 AM;15885
08/12/2024 00:00;15963
08/09/2024 00:00;15914
08/08/2024 00:00;15952
08/07/2024 00:00;16100
08/06/2024 00:00;16183
08/05/2024 00:00;16154
08/02/2024 00:00;16234
08/01/2024 00:00;16243
7/31/2024 12:00:00 AM;16294
7/30/2024 12:00:00 AM;16320
7/29/2024 12:00:00 AM;16286
7/26/2024 12:00:00 AM;16294
7/25/2024 12:00:00 AM;16268
7/24/2024 12:00:00 AM;16224
7/23/2024 12:00:00 AM;16204
7/22/2024 12:00:00 AM;16228
7/19/2024 12:00:00 AM;16199
7/18/2024 12:00:00 AM;16160
7/17/2024 12:00:00 AM;16129
7/16/2024 12:00:00 AM;16203
7/15/2024 12:00:00 AM;16174
07/12/2024 00:00;16154
07/11/2024 00:00;16200
07/10/2024 00:00;16256
07/09/2024 00:00;16281
07/08/2024 00:00;16265
07/05/2024 00:00;16312
07/04/2024 00:00;16341
07/03/2024 00:00;16387
07/02/2024 00:00;16384
07/01/2024 00:00;16355
6/28/2024 12:00:00 AM;16394
6/27/2024 12:00:00 AM;16421
6/26/2024 12:00:00 AM;16435
6/25/2024 12:00:00 AM;16379
6/24/2024 12:00:00 AM;16431
6/21/2024 12:00:00 AM;16458
6/20/2024 12:00:00 AM;16420
6/19/2024 12:00:00 AM;16368
6/14/2024 12:00:00 AM;16374
6/13/2024 12:00:00 AM;16286
06/12/2024 00:00;16297
06/11/2024 00:00;16295
06/10/2024 00:00;16290
06/07/2024 00:00;16218
06/06/2024 00:00;16279
06/05/2024 00:00;16282
06/04/2024 00:00;16220
06/03/2024 00:00;16225
5/31/2024 12:00:00 AM;16251
5/30/2024 12:00:00 AM;16253
5/29/2024 12:00:00 AM;16160
5/28/2024 12:00:00 AM;16095
5/27/2024 12:00:00 AM;16064
5/22/2024 12:00:00 AM;15995
5/21/2024 12:00:00 AM;16024
5/20/2024 12:00:00 AM;15980
5/17/2024 12:00:00 AM;15978
5/16/2024 12:00:00 AM;15944
5/15/2024 12:00:00 AM;16070
5/14/2024 12:00:00 AM;16131
5/13/2024 12:00:00 AM;16085
05/08/2024 00:00;16081
05/07/2024 00:00;16054
05/06/2024 00:00;16025
05/03/2024 00:00;16094
05/02/2024 00:00;16202
4/30/2024 12:00:00 AM;16276
4/29/2024 12:00:00 AM;16249
4/26/2024 12:00:00 AM;16222
4/25/2024 12:00:00 AM;16208
4/24/2024 12:00:00 AM;16161
4/23/2024 12:00:00 AM;16244
4/22/2024 12:00:00 AM;16224
4/19/2024 12:00:00 AM;16280
4/18/2024 12:00:00 AM;16177
4/17/2024 12:00:00 AM;16240
4/16/2024 12:00:00 AM;16176
04/05/2024 00:00;15873
04/04/2024 00:00;15907
04/03/2024 00:00;15923
04/02/2024 00:00;15934
04/01/2024 00:00;15909
3/28/2024 12:00:00 AM;15873
3/27/2024 12:00:00 AM;15853
3/26/2024 12:00:00 AM;15797
3/25/2024 12:00:00 AM;15795
3/22/2024 12:00:00 AM;15773
3/21/2024 12:00:00 AM;15662
3/20/2024 12:00:00 AM;15727
3/19/2024 12:00:00 AM;15712
3/18/2024 12:00:00 AM;15672
3/15/2024 12:00:00 AM;15624
3/14/2024 12:00:00 AM;15582
3/13/2024 12:00:00 AM;15576
03/08/2024 00:00;15603
03/07/2024 00:00;15658
03/06/2024 00:00;15723
03/05/2024 00:00;15756
03/04/2024 00:00;15723
03/01/2024 00:00;15696
2/29/2024 12:00:00 AM;15715
2/28/2024 12:00:00 AM;15673
2/27/2024 12:00:00 AM;15655
2/26/2024 12:00:00 AM;15635
2/23/2024 12:00:00 AM;15589
2/22/2024 12:00:00 AM;15630
2/21/2024 12:00:00 AM;15658
2/20/2024 12:00:00 AM;15659
2/19/2024 12:00:00 AM;15630
2/16/2024 12:00:00 AM;15654
2/15/2024 12:00:00 AM;15606
2/13/2024 12:00:00 AM;15585
02/12/2024 00:00;15612
02/07/2024 00:00;15685
02/06/2024 00:00;15734
02/05/2024 00:00;15705
02/02/2024 00:00;15688
02/01/2024 00:00;15775
1/31/2024 12:00:00 AM;15803
1/30/2024 12:00:00 AM;15796
1/29/2024 12:00:00 AM;15825
1/26/2024 12:00:00 AM;15829
1/25/2024 12:00:00 AM;15767
1/24/2024 12:00:00 AM;15719
1/23/2024 12:00:00 AM;15656
1/22/2024 12:00:00 AM;15627
1/19/2024 12:00:00 AM;15628
1/18/2024 12:00:00 AM;15630
1/17/2024 12:00:00 AM;15639
1/16/2024 12:00:00 AM;15592
1/15/2024 12:00:00 AM;15555
01/12/2024 00:00;15559
01/11/2024 00:00;15558
01/10/2024 00:00;15568
01/09/2024 00:00;15518
01/08/2024 00:00;15522
01/05/2024 00:00;15518
01/04/2024 00:00;15525
01/03/2024 00:00;15495
01/02/2024 00:00;15473
12/29/2023 12:00:00 AM;15439
12/28/2023 12:00:00 AM;15416
12/27/2023 12:00:00 AM;15414
12/22/2023 12:00:00 AM;15489
12/21/2023 12:00:00 AM;15533
12/20/2023 12:00:00 AM;15512
12/19/2023 12:00:00 AM;15506
12/18/2023 12:00:00 AM;15516
12/15/2023 12:00:00 AM;15503
12/14/2023 12:00:00 AM;15493
12/13/2023 12:00:00 AM;15629
12/12/2023 00:00;15631
12/11/2023 00:00;15614
12/08/2023 00:00;15500
12/07/2023 00:00;15536
12/06/2023 00:00;15504
12/05/2023 00:00;15504
12/04/2023 00:00;15446
12/01/2023 00:00;15524
11/30/2023 12:00:00 AM;15484
11/29/2023 12:00:00 AM;15384
11/28/2023 12:00:00 AM;15450
11/27/2023 12:00:00 AM;15527
11/24/2023 12:00:00 AM;15587
11/23/2023 12:00:00 AM;15593
11/22/2023 12:00:00 AM;15584
11/21/2023 12:00:00 AM;15436
11/20/2023 12:00:00 AM;15419
11/17/2023 12:00:00 AM;15504
11/16/2023 12:00:00 AM;15595
11/15/2023 12:00:00 AM;15503
11/14/2023 12:00:00 AM;15699
11/13/2023 12:00:00 AM;15713
11/10/2023 00:00;15693
11/09/2023 00:00;15649
11/08/2023 00:00;15629
11/07/2023 00:00;15593
11/06/2023 00:00;15550
11/03/2023 00:00;15771
11/02/2023 00:00;15861
11/01/2023 00:00;15946
10/31/2023 12:00:00 AM;15897
10/30/2023 12:00:00 AM;15916
10/27/2023 12:00:00 AM;15941
10/26/2023 12:00:00 AM;15933
10/25/2023 12:00:00 AM;15871
10/24/2023 12:00:00 AM;15869
10/23/2023 12:00:00 AM;15943
10/20/2023 12:00:00 AM;15856
10/19/2023 12:00:00 AM;15838
10/18/2023 12:00:00 AM;15731
10/17/2023 12:00:00 AM;15718
10/16/2023 12:00:00 AM;15716
10/13/2023 12:00:00 AM;15709
10/12/2023 00:00;15702
10/11/2023 00:00;15710
10/10/2023 00:00;15708
10/09/2023 00:00;15675
10/06/2023 00:00;15628
10/05/2023 00:00;15601
10/04/2023 00:00;15636
10/03/2023 00:00;15600
10/02/2023 00:00;15519
9/29/2023 12:00:00 AM;15487
9/27/2023 12:00:00 AM;15526
9/26/2023 12:00:00 AM;15464
9/25/2023 12:00:00 AM;15399
9/22/2023 12:00:00 AM;15383
9/21/2023 12:00:00 AM;15397
9/20/2023 12:00:00 AM;15396
9/19/2023 12:00:00 AM;15381
9/18/2023 12:00:00 AM;15373
9/15/2023 12:00:00 AM;15367
9/14/2023 12:00:00 AM;15357
9/13/2023 12:00:00 AM;15367
09/12/2023 00:00;15344
09/11/2023 00:00;15352
09/08/2023 00:00;15341
09/07/2023 00:00;15334
09/06/2023 00:00;15307
09/05/2023 00:00;15260
09/04/2023 00:00;15247
09/01/2023 00:00;15252
8/31/2023 12:00:00 AM;15237
8/30/2023 12:00:00 AM;15239
8/29/2023 12:00:00 AM;15263
8/28/2023 12:00:00 AM;15294
8/25/2023 12:00:00 AM;15297
8/24/2023 12:00:00 AM;15253
8/23/2023 12:00:00 AM;15319
8/22/2023 12:00:00 AM;15326
8/21/2023 12:00:00 AM;15329
8/18/2023 12:00:00 AM;15308
8/16/2023 12:00:00 AM;15308
8/15/2023 12:00:00 AM;15346
8/14/2023 12:00:00 AM;15323
08/11/2023 00:00;15225
08/10/2023 00:00;15204
08/09/2023 00:00;15206
08/08/2023 00:00;15229
08/07/2023 00:00;15178
08/04/2023 00:00;15168
08/03/2023 00:00;15198
08/02/2023 00:00;15171
08/01/2023 00:00;15117
7/31/2023 12:00:00 AM;15092
7/28/2023 12:00:00 AM;15083
7/27/2023 12:00:00 AM;15003
7/26/2023 12:00:00 AM;15032
7/25/2023 12:00:00 AM;15007
7/24/2023 12:00:00 AM;15028
7/21/2023 12:00:00 AM;15026
7/20/2023 12:00:00 AM;14991
7/18/2023 12:00:00 AM;14994
7/17/2023 12:00:00 AM;15007
7/14/2023 12:00:00 AM;14945
7/13/2023 12:00:00 AM;14978
07/12/2023 00:00;15084
07/11/2023 00:00;15162
07/10/2023 00:00;15192
07/07/2023 00:00;15136
07/06/2023 00:00;15062
07/05/2023 00:00;15013
07/04/2023 00:00;15018
07/03/2023 00:00;15034
6/27/2023 12:00:00 AM;15000
6/26/2023 12:00:00 AM;15026
6/23/2023 12:00:00 AM;14998
6/22/2023 12:00:00 AM;14918
6/21/2023 12:00:00 AM;14982
6/20/2023 12:00:00 AM;15040
6/19/2023 12:00:00 AM;14994
6/16/2023 12:00:00 AM;14945
6/15/2023 12:00:00 AM;14943
6/14/2023 12:00:00 AM;14895
6/13/2023 12:00:00 AM;14868
06/12/2023 00:00;14874
06/09/2023 00:00;14853
06/08/2023 00:00;14903
06/07/2023 00:00;14875
06/06/2023 00:00;14839
06/05/2023 00:00;14888
5/31/2023 12:00:00 AM;15003
5/30/2023 12:00:00 AM;14969
5/29/2023 12:00:00 AM;14973
5/26/2023 12:00:00 AM;14959
5/25/2023 12:00:00 AM;14952
5/24/2023 12:00:00 AM;14905
5/23/2023 12:00:00 AM;14878
5/22/2023 12:00:00 AM;14897
5/19/2023 12:00:00 AM;14936
5/17/2023 12:00:00 AM;14875
5/16/2023 12:00:00 AM;14810
5/15/2023 12:00:00 AM;14812
05/12/2023 00:00;14752
05/11/2023 00:00;14722
05/10/2023 00:00;14746
05/09/2023 00:00;14757
05/08/2023 00:00;14709
05/05/2023 00:00;14674
05/04/2023 00:00;14632
05/03/2023 00:00;14706
05/02/2023 00:00;14703
4/28/2023 12:00:00 AM;14661
4/27/2023 12:00:00 AM;14751
4/26/2023 12:00:00 AM;14882
4/18/2023 12:00:00 AM;14855
4/17/2023 12:00:00 AM;14773
4/14/2023 12:00:00 AM;14666
4/13/2023 12:00:00 AM;14792
04/12/2023 00:00;14866
04/11/2023 00:00;14888
04/10/2023 00:00;14905
04/06/2023 00:00;14943
04/05/2023 00:00;14933
04/04/2023 00:00;14913
04/03/2023 00:00;14990
3/31/2023 12:00:00 AM;14977
3/30/2023 12:00:00 AM;15062
3/29/2023 12:00:00 AM;15094
3/28/2023 12:00:00 AM;15088
3/27/2023 12:00:00 AM;15174
3/24/2023 12:00:00 AM;15189
3/21/2023 12:00:00 AM;15349
3/20/2023 12:00:00 AM;15372
3/17/2023 12:00:00 AM;15364
3/16/2023 12:00:00 AM;15418
3/15/2023 12:00:00 AM;15365
3/14/2023 12:00:00 AM;15380
3/13/2023 12:00:00 AM;15374
03/10/2023 00:00;15468
03/09/2023 00:00;15438
03/08/2023 00:00;15451
03/07/2023 00:00;15359
03/06/2023 00:00;15301
03/03/2023 00:00;15306
03/02/2023 00:00;15273
03/01/2023 00:00;15250
2/28/2023 12:00:00 AM;15240
2/27/2023 12:00:00 AM;15274
2/24/2023 12:00:00 AM;15216
2/23/2023 12:00:00 AM;15187
2/22/2023 12:00:00 AM;15218
2/21/2023 12:00:00 AM;15179
2/20/2023 12:00:00 AM;15168
2/17/2023 12:00:00 AM;15199
2/16/2023 12:00:00 AM;15176
2/15/2023 12:00:00 AM;15194
2/14/2023 12:00:00 AM;15168
2/13/2023 12:00:00 AM;15216
02/10/2023 00:00;15140
02/09/2023 00:00;15120
02/08/2023 00:00;15122
02/07/2023 00:00;15139
02/06/2023 00:00;15055
02/03/2023 00:00;14898
02/02/2023 00:00;14868
02/01/2023 00:00;14991
1/31/2023 12:00:00 AM;14992
1/30/2023 12:00:00 AM;14979
1/27/2023 12:00:00 AM;14978
1/26/2023 12:00:00 AM;14964
1/25/2023 12:00:00 AM;14958
1/24/2023 12:00:00 AM;14930
1/20/2023 12:00:00 AM;15121
1/19/2023 12:00:00 AM;15113
1/18/2023 12:00:00 AM;15137
1/17/2023 12:00:00 AM;15154
1/16/2023 12:00:00 AM;15019
1/13/2023 12:00:00 AM;15177
01/12/2023 00:00;15366
01/11/2023 00:00;15527
01/10/2023 00:00;15589
01/09/2023 00:00;15574
01/06/2023 00:00;15635
01/05/2023 00:00;15610
01/04/2023 00:00;15615
01/03/2023 00:00;15590
01/02/2023 00:00;15572
12/30/2022 12:00:00 AM;15592
12/29/2022 12:00:00 AM;15731
12/28/2022 12:00:00 AM;15703
12/27/2022 12:00:00 AM;15659
12/26/2022 12:00:00 AM;15636
12/23/2022 12:00:00 AM;15605
12/22/2022 12:00:00 AM;15594
12/21/2022 12:00:00 AM;15601
12/20/2022 12:00:00 AM;15608
12/19/2022 12:00:00 AM;15621
12/16/2022 12:00:00 AM;15617
12/15/2022 12:00:00 AM;15630
12/14/2022 12:00:00 AM;15619
12/13/2022 12:00:00 AM;15661
12/12/2022 00:00;15642
12/09/2022 00:00;15587
12/08/2022 00:00;15624
12/07/2022 00:00;15619
12/06/2022 00:00;15576
12/05/2022 00:00;15409
12/02/2022 00:00;15429
12/01/2022 00:00;15617
11/30/2022 12:00:00 AM;15742
11/29/2022 12:00:00 AM;15737
11/28/2022 12:00:00 AM;15729
11/25/2022 12:00:00 AM;15668
11/24/2022 12:00:00 AM;15647
11/23/2022 12:00:00 AM;15700
11/22/2022 12:00:00 AM;15716
11/21/2022 12:00:00 AM;15707
11/18/2022 12:00:00 AM;15692
11/17/2022 12:00:00 AM;15687
11/16/2022 12:00:00 AM;15610
11/15/2022 12:00:00 AM;15564
11/14/2022 12:00:00 AM;15499
11/11/2022 00:00;15493
11/10/2022 00:00;15701
11/09/2022 00:00;15654
11/08/2022 00:00;15684
11/07/2022 00:00;15692
11/04/2022 00:00;15736
11/03/2022 00:00;15681
11/02/2022 00:00;15652
11/01/2022 00:00;15647
10/31/2022 12:00:00 AM;15596
10/28/2022 12:00:00 AM;15542
10/27/2022 12:00:00 AM;15573
10/26/2022 12:00:00 AM;15596
10/25/2022 12:00:00 AM;15616
10/24/2022 12:00:00 AM;15590
10/21/2022 12:00:00 AM;15610
10/20/2022 12:00:00 AM;15579
10/19/2022 12:00:00 AM;15491
10/18/2022 12:00:00 AM;15469
10/17/2022 12:00:00 AM;15480
10/14/2022 12:00:00 AM;15390
10/13/2022 12:00:00 AM;15357
10/12/2022 00:00;15373
10/11/2022 00:00;15362
10/10/2022 00:00;15299
10/07/2022 00:00;15246
10/06/2022 00:00;15197
10/05/2022 00:00;15196
10/04/2022 00:00;15276
10/03/2022 00:00;15293
9/30/2022 12:00:00 AM;15232
9/29/2022 12:00:00 AM;15247
9/28/2022 12:00:00 AM;15243
9/27/2022 12:00:00 AM;15155
9/26/2022 12:00:00 AM;15119
9/23/2022 12:00:00 AM;15035
9/22/2022 12:00:00 AM;15033
9/21/2022 12:00:00 AM;15011
9/20/2022 12:00:00 AM;14975
9/19/2022 12:00:00 AM;14980
9/16/2022 12:00:00 AM;14939
9/15/2022 12:00:00 AM;14899
9/14/2022 12:00:00 AM;14923
9/13/2022 12:00:00 AM;14861
09/12/2022 00:00;14839
09/09/2022 00:00;14846
09/08/2022 00:00;14905
09/07/2022 00:00;14927
09/06/2022 00:00;14885
09/05/2022 00:00;14920
09/02/2022 00:00;14900
09/01/2022 00:00;14884
8/31/2022 12:00:00 AM;14853
8/30/2022 12:00:00 AM;14875
8/29/2022 12:00:00 AM;14887
8/26/2022 12:00:00 AM;14814
8/25/2022 12:00:00 AM;14827
8/24/2022 12:00:00 AM;14851
8/23/2022 12:00:00 AM;14893
8/22/2022 12:00:00 AM;14882
8/19/2022 12:00:00 AM;14858
8/18/2022 12:00:00 AM;14822
8/16/2022 12:00:00 AM;14767
8/15/2022 12:00:00 AM;14727
08/12/2022 00:00;14688
08/11/2022 00:00;14799
08/10/2022 00:00;14875
08/09/2022 00:00;14862
08/08/2022 00:00;14915
08/05/2022 00:00;14904
08/04/2022 00:00;14929
08/03/2022 00:00;14917
08/02/2022 00:00;14888
08/01/2022 00:00;14874
7/29/2022 12:00:00 AM;14860
7/28/2022 12:00:00 AM;14958
7/27/2022 12:00:00 AM;15020
7/26/2022 12:00:00 AM;14984
7/25/2022 12:00:00 AM;14992
7/22/2022 12:00:00 AM;15024
7/21/2022 12:00:00 AM;15017
7/20/2022 12:00:00 AM;14984
7/19/2022 12:00:00 AM;14992
7/18/2022 12:00:00 AM;14986
7/15/2022 12:00:00 AM;14999
7/14/2022 12:00:00 AM;14999
7/13/2022 12:00:00 AM;14985
07/12/2022 00:00;14993
07/11/2022 00:00;14969
07/08/2022 00:00;14981
07/07/2022 00:00;14986
07/06/2022 00:00;15015
07/05/2022 00:00;14990
07/04/2022 00:00;14960
07/01/2022 00:00;14956
6/30/2022 12:00:00 AM;14882
6/29/2022 12:00:00 AM;14848
6/28/2022 12:00:00 AM;14837
6/27/2022 12:00:00 AM;14802
6/24/2022 12:00:00 AM;14846
6/23/2022 12:00:00 AM;14835
6/22/2022 12:00:00 AM;14860
6/21/2022 12:00:00 AM;14804
6/20/2022 12:00:00 AM;14836
6/17/2022 12:00:00 AM;14828
6/16/2022 12:00:00 AM;14741
6/15/2022 12:00:00 AM;14746
6/14/2022 12:00:00 AM;14729
6/13/2022 12:00:00 AM;14672
06/10/2022 00:00;14569
06/09/2022 00:00;14555
06/08/2022 00:00;14477
06/07/2022 00:00;14464
06/06/2022 00:00;14462
06/03/2022 00:00;14431
06/02/2022 00:00;14526
5/31/2022 12:00:00 AM;14592
5/30/2022 12:00:00 AM;14544
5/27/2022 12:00:00 AM;14578
5/25/2022 12:00:00 AM;14645
5/24/2022 12:00:00 AM;14653
5/23/2022 12:00:00 AM;14665
5/20/2022 12:00:00 AM;14661
5/19/2022 12:00:00 AM;14731
5/18/2022 12:00:00 AM;14682
5/17/2022 12:00:00 AM;14651
5/13/2022 12:00:00 AM;14619
05/12/2022 00:00;14585
05/11/2022 00:00;14546
05/10/2022 00:00;14546
05/09/2022 00:00;14534
4/28/2022 12:00:00 AM;14480
4/27/2022 12:00:00 AM;14418
4/26/2022 12:00:00 AM;14412
4/25/2022 12:00:00 AM;14452
4/22/2022 12:00:00 AM;14361
4/21/2022 12:00:00 AM;14348
4/20/2022 12:00:00 AM;14351
4/19/2022 12:00:00 AM;14347
4/18/2022 12:00:00 AM;14356
4/14/2022 12:00:00 AM;14349
4/13/2022 12:00:00 AM;14359
04/12/2022 00:00;14364
04/11/2022 00:00;14370
04/08/2022 00:00;14365
04/07/2022 00:00;14359
04/06/2022 00:00;14364
04/05/2022 00:00;14348
04/04/2022 00:00;14362
04/01/2022 00:00;14364
3/31/2022 12:00:00 AM;14357
3/30/2022 12:00:00 AM;14349
3/29/2022 12:00:00 AM;14364
3/28/2022 12:00:00 AM;14360
3/25/2022 12:00:00 AM;14341
3/24/2022 12:00:00 AM;14361
3/23/2022 12:00:00 AM;14351
3/22/2022 12:00:00 AM;14358
3/21/2022 12:00:00 AM;14341
3/18/2022 12:00:00 AM;14340
3/17/2022 12:00:00 AM;14290
3/16/2022 12:00:00 AM;14311
3/15/2022 12:00:00 AM;14321
3/14/2022 12:00:00 AM;14328
03/11/2022 00:00;14306
03/10/2022 00:00;14298
03/09/2022 00:00;14371
03/08/2022 00:00;14394
03/07/2022 00:00;14411
03/04/2022 00:00;14383
03/02/2022 00:00;14373
03/01/2022 00:00;14350
2/25/2022 12:00:00 AM;14369
2/24/2022 12:00:00 AM;14371
2/23/2022 12:00:00 AM;14355
2/22/2022 12:00:00 AM;14362
2/21/2022 12:00:00 AM;14329
2/18/2022 12:00:00 AM;14339
2/17/2022 12:00:00 AM;14301
2/16/2022 12:00:00 AM;14278
2/15/2022 12:00:00 AM;14292
2/14/2022 12:00:00 AM;14338
02/11/2022 00:00;14359
02/10/2022 00:00;14344
02/09/2022 00:00;14366
02/08/2022 00:00;14385
02/07/2022 00:00;14404
02/04/2022 00:00;14376
02/03/2022 00:00;14381
02/02/2022 00:00;14347
1/31/2022 12:00:00 AM;14392
1/28/2022 12:00:00 AM;14381
1/27/2022 12:00:00 AM;14385
1/26/2022 12:00:00 AM;14346
1/25/2022 12:00:00 AM;14358
1/24/2022 12:00:00 AM;14327
1/21/2022 12:00:00 AM;14347
1/20/2022 12:00:00 AM;14354
1/19/2022 12:00:00 AM;14370
1/18/2022 12:00:00 AM;14325
1/17/2022 12:00:00 AM;14323
1/14/2022 12:00:00 AM;14310
1/13/2022 12:00:00 AM;14311
01/12/2022 00:00;14302
01/11/2022 00:00;14299
01/10/2022 00:00;14323
01/07/2022 00:00;14360
01/06/2022 00:00;14396
01/05/2022 00:00;14365
01/04/2022 00:00;14310
01/03/2022 00:00;14270
12/31/2021 12:00:00 AM;14278
12/30/2021 12:00:00 AM;14269
12/29/2021 12:00:00 AM;14265
12/28/2021 12:00:00 AM;14237
12/27/2021 12:00:00 AM;14225
12/24/2021 12:00:00 AM;14219
12/23/2021 12:00:00 AM;14251
12/22/2021 12:00:00 AM;14264
12/21/2021 12:00:00 AM;14349
12/20/2021 12:00:00 AM;14384
12/17/2021 12:00:00 AM;14343
12/16/2021 12:00:00 AM;14343
12/15/2021 12:00:00 AM;14337
12/14/2021 12:00:00 AM;14348
12/13/2021 12:00:00 AM;14346
12/10/2021 00:00;14378
12/09/2021 00:00;14351
12/08/2021 00:00;14348
12/07/2021 00:00;14408
12/06/2021 00:00;14441
12/03/2021 00:00;14408
12/02/2021 00:00;14378
12/01/2021 00:00;14353
11/30/2021 12:00:00 AM;14320
11/29/2021 12:00:00 AM;14340
11/26/2021 12:00:00 AM;14280
11/25/2021 12:00:00 AM;14280
11/24/2021 12:00:00 AM;14272
11/23/2021 12:00:00 AM;14272
11/22/2021 12:00:00 AM;14255
11/19/2021 12:00:00 AM;14237
11/18/2021 12:00:00 AM;14231
11/17/2021 12:00:00 AM;14259
11/16/2021 12:00:00 AM;14211
11/15/2021 12:00:00 AM;14206
11/12/2021 00:00;14243
11/11/2021 00:00;14288
11/10/2021 00:00;14253
11/09/2021 00:00;14233
11/08/2021 00:00;14268
11/05/2021 00:00;14374
11/04/2021 00:00;14327
11/03/2021 00:00;14301
11/02/2021 00:00;14261
11/01/2021 00:00;14235
10/29/2021 12:00:00 AM;14171
10/28/2021 12:00:00 AM;14199
10/27/2021 12:00:00 AM;14184
10/26/2021 12:00:00 AM;14165
10/25/2021 12:00:00 AM;14183
10/22/2021 12:00:00 AM;14162
10/21/2021 12:00:00 AM;14133
10/19/2021 12:00:00 AM;14080
10/18/2021 12:00:00 AM;14096
10/15/2021 12:00:00 AM;14084
10/14/2021 12:00:00 AM;14155
10/13/2021 12:00:00 AM;14221
10/12/2021 00:00;14217
10/11/2021 00:00;14210
10/08/2021 00:00;14225
10/07/2021 00:00;14238
10/06/2021 00:00;14245
10/05/2021 00:00;14260
10/04/2021 00:00;14276
10/01/2021 00:00;14315
9/30/2021 12:00:00 AM;14321
9/29/2021 12:00:00 AM;14307
9/28/2021 12:00:00 AM;14269
9/27/2021 12:00:00 AM;14258
9/24/2021 12:00:00 AM;14250
9/23/2021 12:00:00 AM;14256
9/22/2021 12:00:00 AM;14249
9/21/2021 12:00:00 AM;14244
9/20/2021 12:00:00 AM;14251
9/17/2021 12:00:00 AM;14233
9/16/2021 12:00:00 AM;14238
9/15/2021 12:00:00 AM;14252
9/14/2021 12:00:00 AM;14257
9/13/2021 12:00:00 AM;14260
09/10/2021 00:00;14225
09/09/2021 00:00;14272
09/08/2021 00:00;14266
09/07/2021 00:00;14195
09/06/2021 00:00;14239
09/03/2021 00:00;14261
09/02/2021 00:00;14281
09/01/2021 00:00;14284
8/31/2021 12:00:00 AM;14306
8/30/2021 12:00:00 AM;14374
8/27/2021 12:00:00 AM;14431
8/26/2021 12:00:00 AM;14423
8/25/2021 12:00:00 AM;14408
8/24/2021 12:00:00 AM;14391
8/23/2021 12:00:00 AM;14415
8/20/2021 12:00:00 AM;14464
8/19/2021 12:00:00 AM;14414
8/18/2021 12:00:00 AM;14384
8/16/2021 12:00:00 AM;14383
8/13/2021 12:00:00 AM;14388
08/12/2021 00:00;14389
08/10/2021 00:00;14397
08/09/2021 00:00;14378
08/06/2021 00:00;14369
08/05/2021 00:00;14342
08/04/2021 00:00;14324
08/03/2021 00:00;14362
08/02/2021 00:00;14456
7/30/2021 12:00:00 AM;14462
7/29/2021 12:00:00 AM;14491
7/28/2021 12:00:00 AM;14498
7/27/2021 12:00:00 AM;14489
7/26/2021 12:00:00 AM;14494
7/23/2021 12:00:00 AM;14501
7/22/2021 12:00:00 AM;14508
7/21/2021 12:00:00 AM;14554
7/19/2021 12:00:00 AM;14524
7/16/2021 12:00:00 AM;14517
7/15/2021 12:00:00 AM;14503
7/14/2021 12:00:00 AM;14493
7/13/2021 12:00:00 AM;14486
07/12/2021 00:00;14486
07/09/2021 00:00;14548
07/08/2021 00:00;14548
07/07/2021 00:00;14500
07/06/2021 00:00;14468
07/05/2021 00:00;14482
07/02/2021 00:00;14564
07/01/2021 00:00;14539
6/30/2021 12:00:00 AM;14542
6/29/2021 12:00:00 AM;14496
6/28/2021 12:00:00 AM;14472
6/25/2021 12:00:00 AM;14447
6/24/2021 12:00:00 AM;14462
6/23/2021 12:00:00 AM;14454
6/22/2021 12:00:00 AM;14421
6/21/2021 12:00:00 AM;14453
6/18/2021 12:00:00 AM;14403
6/17/2021 12:00:00 AM;14378
6/16/2021 12:00:00 AM;14257
6/15/2021 12:00:00 AM;14244
6/14/2021 12:00:00 AM;14222
06/11/2021 00:00;14206
06/10/2021 00:00;14240
06/09/2021 00:00;14262
06/08/2021 00:00;14262
06/07/2021 00:00;14271
06/04/2021 00:00;14316
06/03/2021 00:00;14297
06/02/2021 00:00;14276
5/31/2021 12:00:00 AM;14292
5/28/2021 12:00:00 AM;14310
5/27/2021 12:00:00 AM;14312
5/25/2021 12:00:00 AM;14335
5/24/2021 12:00:00 AM;14362
5/21/2021 12:00:00 AM;14375
5/20/2021 12:00:00 AM;14396
5/19/2021 12:00:00 AM;14313
5/18/2021 12:00:00 AM;14300
5/17/2021 12:00:00 AM;14284
05/11/2021 00:00;14203
05/10/2021 00:00;14198
05/07/2021 00:00;14289
05/06/2021 00:00;14364
05/05/2021 00:00;14439
05/04/2021 00:00;14431
05/03/2021 00:00;14467
4/30/2021 12:00:00 AM;14453
4/29/2021 12:00:00 AM;14468
4/28/2021 12:00:00 AM;14510
4/27/2021 12:00:00 AM;14497
4/26/2021 12:00:00 AM;14489
4/23/2021 12:00:00 AM;14548
4/22/2021 12:00:00 AM;14530
4/21/2021 12:00:00 AM;14549
4/20/2021 12:00:00 AM;14508
4/19/2021 12:00:00 AM;14568
4/16/2021 12:00:00 AM;14592
4/15/2021 12:00:00 AM;14646
4/14/2021 12:00:00 AM;14633
4/13/2021 12:00:00 AM;14648
04/12/2021 00:00;14631
04/09/2021 00:00;14580
04/08/2021 00:00;14580
04/07/2021 00:00;14513
04/06/2021 00:00;14519
04/05/2021 00:00;14533
04/01/2021 00:00;14577
3/31/2021 12:00:00 AM;14572
3/30/2021 12:00:00 AM;14481
3/29/2021 12:00:00 AM;14434
3/26/2021 12:00:00 AM;14446
3/25/2021 12:00:00 AM;14464
3/24/2021 12:00:00 AM;14455
3/23/2021 12:00:00 AM;14421
3/22/2021 12:00:00 AM;14456
3/19/2021 12:00:00 AM;14476
3/18/2021 12:00:00 AM;14412
3/17/2021 12:00:00 AM;14459
3/16/2021 12:00:00 AM;14424
3/15/2021 12:00:00 AM;14418
03/12/2021 00:00;14371
03/10/2021 00:00;14421
03/09/2021 00:00;14468
03/08/2021 00:00;14390
03/05/2021 00:00;14371
03/04/2021 00:00;14299
03/03/2021 00:00;14334
03/02/2021 00:00;14307
03/01/2021 00:00;14300
2/26/2021 12:00:00 AM;14229
2/25/2021 12:00:00 AM;14104
2/24/2021 12:00:00 AM;14089
2/23/2021 12:00:00 AM;14126
2/22/2021 12:00:00 AM;14098
2/19/2021 12:00:00 AM;14085
2/18/2021 12:00:00 AM;14059
2/17/2021 12:00:00 AM;14019
2/16/2021 12:00:00 AM;13875
2/15/2021 12:00:00 AM;13946
02/11/2021 00:00;14011
02/10/2021 00:00;13989
02/09/2021 00:00;14000
02/08/2021 00:00;14000
02/05/2021 00:00;14062
02/04/2021 00:00;14036
02/03/2021 00:00;14017
02/02/2021 00:00;14044
02/01/2021 00:00;14042
1/29/2021 12:00:00 AM;14084
1/28/2021 12:00:00 AM;14119
1/27/2021 12:00:00 AM;14091
1/26/2021 12:00:00 AM;14086
1/25/2021 12:00:00 AM;14082
1/22/2021 12:00:00 AM;14054
1/21/2021 12:00:00 AM;14039
1/20/2021 12:00:00 AM;14065
1/19/2021 12:00:00 AM;14086
1/18/2021 12:00:00 AM;14080
1/15/2021 12:00:00 AM;14068
1/14/2021 12:00:00 AM;14119
1/13/2021 12:00:00 AM;14109
01/12/2021 00:00;14231
01/11/2021 00:00;14155
01/08/2021 00:00;14058
01/07/2021 00:00;13938
01/06/2021 00:00;13926
01/05/2021 00:00;13945
01/04/2021 00:00;13903
12/30/2020 12:00:00 AM;14105
12/29/2020 12:00:00 AM;14169
12/28/2020 12:00:00 AM;14184
12/23/2020 12:00:00 AM;14282
12/22/2020 12:00:00 AM;14218
12/21/2020 12:00:00 AM;14180
12/18/2020 12:00:00 AM;14146
12/17/2020 12:00:00 AM;14152
12/16/2020 12:00:00 AM;14151
12/15/2020 12:00:00 AM;14171
12/14/2020 12:00:00 AM;14158
12/11/2020 00:00;14102
12/10/2020 00:00;14130
12/08/2020 00:00;14164
12/07/2020 00:00;14135
12/04/2020 00:00;14182
12/03/2020 00:00;14177
12/02/2020 00:00;14164
12/01/2020 00:00;14178
11/30/2020 12:00:00 AM;14128
11/27/2020 12:00:00 AM;14145
11/26/2020 12:00:00 AM;14130
11/25/2020 12:00:00 AM;14169
11/24/2020 12:00:00 AM;14196
11/23/2020 12:00:00 AM;14164
11/20/2020 12:00:00 AM;14228
11/19/2020 12:00:00 AM;14167
11/18/2020 12:00:00 AM;14118
11/17/2020 12:00:00 AM;14073
11/16/2020 12:00:00 AM;14139
11/13/2020 12:00:00 AM;14222
11/12/2020 00:00;14187
11/11/2020 00:00;14076
11/10/2020 00:00;14015
11/09/2020 00:00;14172
11/06/2020 00:00;14321
11/05/2020 00:00;14439
11/04/2020 00:00;14557
11/03/2020 00:00;14609
11/02/2020 00:00;14718
10/27/2020 12:00:00 AM;14690
10/26/2020 12:00:00 AM;14697
10/23/2020 12:00:00 AM;14738
10/22/2020 12:00:00 AM;14697
10/21/2020 12:00:00 AM;14658
10/20/2020 12:00:00 AM;14729
10/19/2020 12:00:00 AM;14741
10/16/2020 12:00:00 AM;14766
10/15/2020 12:00:00 AM;14760
10/14/2020 12:00:00 AM;14780
10/13/2020 12:00:00 AM;14793
10/12/2020 00:00;14746
10/09/2020 00:00;14737
10/08/2020 00:00;14750
10/07/2020 00:00;14784
10/06/2020 00:00;14712
10/05/2020 00:00;14867
10/02/2020 00:00;14890
10/01/2020 00:00;14876
9/30/2020 12:00:00 AM;14918
9/29/2020 12:00:00 AM;14920
9/28/2020 12:00:00 AM;14959
9/25/2020 12:00:00 AM;14951
9/24/2020 12:00:00 AM;14949
9/23/2020 12:00:00 AM;14835
9/22/2020 12:00:00 AM;14782
9/21/2020 12:00:00 AM;14723
9/18/2020 12:00:00 AM;14768
9/17/2020 12:00:00 AM;14878
9/16/2020 12:00:00 AM;14844
9/15/2020 12:00:00 AM;14870
9/14/2020 12:00:00 AM;14974
09/11/2020 00:00;14979
09/10/2020 00:00;14871
09/09/2020 00:00;14853
09/08/2020 00:00;14798
09/07/2020 00:00;14754
09/04/2020 00:00;14792
09/03/2020 00:00;14818
09/02/2020 00:00;14804
09/01/2020 00:00;14615
8/31/2020 12:00:00 AM;14554
8/28/2020 12:00:00 AM;14702
8/27/2020 12:00:00 AM;14714
8/26/2020 12:00:00 AM;14636
8/25/2020 12:00:00 AM;14632
8/24/2020 12:00:00 AM;14794
8/19/2020 12:00:00 AM;14786
8/18/2020 12:00:00 AM;14907
8/14/2020 12:00:00 AM;14917
8/13/2020 12:00:00 AM;14877
08/12/2020 00:00;14777
08/11/2020 00:00;14728
08/10/2020 00:00;14750
08/07/2020 00:00;14647
08/06/2020 00:00;14587
08/05/2020 00:00;14623
08/04/2020 00:00;14697
08/03/2020 00:00;14713
7/30/2020 12:00:00 AM;14653
7/29/2020 12:00:00 AM;14570
7/28/2020 12:00:00 AM;14543
7/27/2020 12:00:00 AM;14605
7/24/2020 12:00:00 AM;14614
7/23/2020 12:00:00 AM;14669
7/22/2020 12:00:00 AM;14655
7/21/2020 12:00:00 AM;14813
7/20/2020 12:00:00 AM;14832
7/17/2020 12:00:00 AM;14780
7/16/2020 12:00:00 AM;14632
7/15/2020 12:00:00 AM;14616
7/14/2020 12:00:00 AM;14512
7/13/2020 12:00:00 AM;14486
07/10/2020 00:00;14501
07/09/2020 00:00;14446
07/08/2020 00:00;14460
07/07/2020 00:00;14456
07/06/2020 00:00;14547
07/03/2020 00:00;14566
07/02/2020 00:00;14516
07/01/2020 00:00;14341
6/30/2020 12:00:00 AM;14302
6/29/2020 12:00:00 AM;14369
6/26/2020 12:00:00 AM;14239
6/25/2020 12:00:00 AM;14231
6/24/2020 12:00:00 AM;14160
6/23/2020 12:00:00 AM;14265
6/22/2020 12:00:00 AM;14209
6/19/2020 12:00:00 AM;14242
6/18/2020 12:00:00 AM;14186
6/17/2020 12:00:00 AM;14234
6/16/2020 12:00:00 AM;14155
6/15/2020 12:00:00 AM;14228
06/12/2020 00:00;14257
06/11/2020 00:00;14014
06/10/2020 00:00;14083
06/09/2020 00:00;13973
06/08/2020 00:00;13956
06/05/2020 00:00;14100
06/04/2020 00:00;14165
06/03/2020 00:00;14245
06/02/2020 00:00;14502
5/29/2020 12:00:00 AM;14733
5/28/2020 12:00:00 AM;14769
5/27/2020 12:00:00 AM;14761
5/26/2020 12:00:00 AM;14774
5/20/2020 12:00:00 AM;14785
5/19/2020 12:00:00 AM;14823
5/18/2020 12:00:00 AM;14885
5/15/2020 12:00:00 AM;14909
5/14/2020 12:00:00 AM;14946
5/13/2020 12:00:00 AM;14887
05/12/2020 00:00;14978
05/11/2020 00:00;14936
05/08/2020 00:00;15009
05/06/2020 00:00;15127
05/05/2020 00:00;15104
05/04/2020 00:00;15073
4/30/2020 12:00:00 AM;15157
4/29/2020 12:00:00 AM;15415
4/28/2020 12:00:00 AM;15488
4/27/2020 12:00:00 AM;15591
4/24/2020 12:00:00 AM;15553
4/23/2020 12:00:00 AM;15630
4/22/2020 12:00:00 AM;15567
4/21/2020 12:00:00 AM;15643
4/20/2020 12:00:00 AM;15543
4/17/2020 12:00:00 AM;15503
4/16/2020 12:00:00 AM;15787
4/15/2020 12:00:00 AM;15707
4/14/2020 12:00:00 AM;15722
4/13/2020 12:00:00 AM;15840
04/09/2020 00:00;16241
04/08/2020 00:00;16245
04/07/2020 00:00;16410
04/06/2020 00:00;16556
04/03/2020 00:00;16464
04/02/2020 00:00;16741
04/01/2020 00:00;16413
3/31/2020 12:00:00 AM;16367
3/30/2020 12:00:00 AM;16336
3/27/2020 12:00:00 AM;16230
3/26/2020 12:00:00 AM;16328
3/24/2020 12:00:00 AM;16486
3/23/2020 12:00:00 AM;16608
3/20/2020 12:00:00 AM;16273
3/19/2020 12:00:00 AM;15712
3/18/2020 12:00:00 AM;15223
3/17/2020 12:00:00 AM;15083
3/16/2020 12:00:00 AM;14818
3/13/2020 12:00:00 AM;14815
03/12/2020 00:00;14490
03/11/2020 00:00;14323
03/10/2020 00:00;14411
03/09/2020 00:00;14342
03/06/2020 00:00;14267
03/05/2020 00:00;14168
03/04/2020 00:00;14171
03/03/2020 00:00;14222
03/02/2020 00:00;14413
2/28/2020 12:00:00 AM;14234
2/27/2020 12:00:00 AM;14018
2/26/2020 12:00:00 AM;13966
2/25/2020 12:00:00 AM;13893
2/24/2020 12:00:00 AM;13863
2/21/2020 12:00:00 AM;13777
2/20/2020 12:00:00 AM;13735
2/19/2020 12:00:00 AM;13717
2/18/2020 12:00:00 AM;13676
2/17/2020 12:00:00 AM;13693
2/14/2020 12:00:00 AM;13707
2/13/2020 12:00:00 AM;13679
02/12/2020 00:00;13659
02/11/2020 00:00;13686
02/10/2020 00:00;13708
02/07/2020 00:00;13647
02/06/2020 00:00;13662
02/05/2020 00:00;13717
02/04/2020 00:00;13760
02/03/2020 00:00;13726
1/31/2020 12:00:00 AM;13662
1/30/2020 12:00:00 AM;13652
1/29/2020 12:00:00 AM;13634
1/28/2020 12:00:00 AM;13647
1/27/2020 12:00:00 AM;13612
1/24/2020 12:00:00 AM;13632
1/23/2020 12:00:00 AM;13626
1/22/2020 12:00:00 AM;13678
1/21/2020 12:00:00 AM;13658
1/20/2020 12:00:00 AM;13654
1/17/2020 12:00:00 AM;13648
1/16/2020 12:00:00 AM;13658
1/15/2020 12:00:00 AM;13706
1/14/2020 12:00:00 AM;13654
1/13/2020 12:00:00 AM;13708
01/10/2020 00:00;13812
01/09/2020 00:00;13860
01/08/2020 00:00;13934
01/07/2020 00:00;13919
01/06/2020 00:00;13961
01/03/2020 00:00;13899
01/02/2020 00:00;13895
12/31/2019 12:00:00 AM;13901
12/30/2019 12:00:00 AM;13945
12/27/2019 12:00:00 AM;13956
12/26/2019 12:00:00 AM;13982
12/23/2019 12:00:00 AM;13978
12/20/2019 12:00:00 AM;13993
12/19/2019 12:00:00 AM;13983
12/18/2019 12:00:00 AM;14007
12/17/2019 12:00:00 AM;14018
12/16/2019 12:00:00 AM;14004
12/13/2019 12:00:00 AM;13982
12/12/2019 00:00;14042
12/11/2019 00:00;14025
12/10/2019 00:00;14004
12/09/2019 00:00;14021
12/06/2019 00:00;14037
12/05/2019 00:00;14094
12/04/2019 00:00;14125
12/03/2019 00:00;14130
12/02/2019 00:00;14122
11/29/2019 12:00:00 AM;14102
11/28/2019 12:00:00 AM;14099
11/27/2019 12:00:00 AM;14096
11/26/2019 12:00:00 AM;14081
11/25/2019 12:00:00 AM;14091
11/22/2019 12:00:00 AM;14100
11/21/2019 12:00:00 AM;14112
11/20/2019 12:00:00 AM;14097
11/19/2019 12:00:00 AM;14091
11/18/2019 12:00:00 AM;14075
11/15/2019 12:00:00 AM;14069
11/14/2019 12:00:00 AM;14098
11/13/2019 12:00:00 AM;14082
11/12/2019 00:00;14059
11/11/2019 00:00;14040
11/08/2019 00:00;14020
11/07/2019 00:00;14040
11/06/2019 00:00;13992
11/05/2019 00:00;14031
11/04/2019 00:00;14002
11/01/2019 00:00;14066
10/31/2019 12:00:00 AM;14008
10/30/2019 12:00:00 AM;14044
10/29/2019 12:00:00 AM;14028
10/28/2019 12:00:00 AM;14023
10/25/2019 12:00:00 AM;14064
10/24/2019 12:00:00 AM;13996
10/23/2019 12:00:00 AM;14051
10/22/2019 12:00:00 AM;14058
10/21/2019 12:00:00 AM;14132
10/18/2019 12:00:00 AM;14140
10/17/2019 12:00:00 AM;14172
10/16/2019 12:00:00 AM;14187
10/15/2019 12:00:00 AM;14140
10/14/2019 12:00:00 AM;14126
10/11/2019 00:00;14139
10/10/2019 00:00;14157
10/09/2019 00:00;14182
10/08/2019 00:00;14170
10/07/2019 00:00;14156
10/04/2019 00:00;14135
10/03/2019 00:00;14193
10/02/2019 00:00;14207
10/01/2019 00:00;14196
9/30/2019 12:00:00 AM;14174
9/27/2019 12:00:00 AM;14197
9/26/2019 12:00:00 AM;14162
9/25/2019 12:00:00 AM;14134
9/24/2019 12:00:00 AM;14099
9/23/2019 12:00:00 AM;14077
9/20/2019 12:00:00 AM;14085
9/19/2019 12:00:00 AM;14099
9/18/2019 12:00:00 AM;14080
9/17/2019 12:00:00 AM;14100
9/16/2019 12:00:00 AM;14020
9/13/2019 12:00:00 AM;13950
09/12/2019 00:00;14052
09/11/2019 00:00;14063
09/10/2019 00:00;14031
09/09/2019 00:00;14092
09/06/2019 00:00;14140
09/05/2019 00:00;14153
09/04/2019 00:00;14218
09/03/2019 00:00;14217
09/02/2019 00:00;14190
8/30/2019 12:00:00 AM;14237
8/29/2019 12:00:00 AM;14254
8/28/2019 12:00:00 AM;14263
8/27/2019 12:00:00 AM;14235
8/26/2019 12:00:00 AM;14261
8/23/2019 12:00:00 AM;14249
8/22/2019 12:00:00 AM;14234
8/21/2019 12:00:00 AM;14259
8/20/2019 12:00:00 AM;14262
8/19/2019 12:00:00 AM;14203
8/16/2019 12:00:00 AM;14258
8/15/2019 12:00:00 AM;14296
8/14/2019 12:00:00 AM;14234
8/13/2019 12:00:00 AM;14283
08/12/2019 00:00;14220
08/09/2019 00:00;14195
08/08/2019 00:00;14231
08/07/2019 00:00;14275
08/06/2019 00:00;14344
08/05/2019 00:00;14231
08/02/2019 00:00;14203
08/01/2019 00:00;14098
7/31/2019 12:00:00 AM;14026
7/30/2019 12:00:00 AM;14034
7/29/2019 12:00:00 AM;14010
7/26/2019 12:00:00 AM;14001
7/25/2019 12:00:00 AM;13986
7/24/2019 12:00:00 AM;14011
7/23/2019 12:00:00 AM;13973
7/22/2019 12:00:00 AM;13963
7/19/2019 12:00:00 AM;13913
7/18/2019 12:00:00 AM;13976
7/17/2019 12:00:00 AM;13949
7/16/2019 12:00:00 AM;13925
7/15/2019 12:00:00 AM;13970
07/12/2019 00:00;14085
07/11/2019 00:00;14089
07/10/2019 00:00;14152
07/09/2019 00:00;14129
07/08/2019 00:00;14147
07/05/2019 00:00;14148
07/04/2019 00:00;14106
07/03/2019 00:00;14160
07/02/2019 00:00;14140
07/01/2019 00:00;14117
6/28/2019 12:00:00 AM;14141
6/27/2019 12:00:00 AM;14180
6/26/2019 12:00:00 AM;14174
6/25/2019 12:00:00 AM;14138
6/24/2019 12:00:00 AM;14165
6/21/2019 12:00:00 AM;14116
6/20/2019 12:00:00 AM;14236
6/19/2019 12:00:00 AM;14271
6/18/2019 12:00:00 AM;14334
6/17/2019 12:00:00 AM;14346
6/14/2019 12:00:00 AM;14304
6/13/2019 12:00:00 AM;14270
06/12/2019 00:00;14234
06/11/2019 00:00;14258
06/10/2019 00:00;14231
5/31/2019 12:00:00 AM;14385
5/29/2019 12:00:00 AM;14417
5/28/2019 12:00:00 AM;14380
5/27/2019 12:00:00 AM;14360
5/24/2019 12:00:00 AM;14451
5/23/2019 12:00:00 AM;14513
5/22/2019 12:00:00 AM;14488
5/21/2019 12:00:00 AM;14462
5/20/2019 12:00:00 AM;14478
5/17/2019 12:00:00 AM;14469
5/16/2019 12:00:00 AM;14458
5/15/2019 12:00:00 AM;14448
5/14/2019 12:00:00 AM;14444
5/13/2019 12:00:00 AM;14362
05/10/2019 00:00;14347
05/09/2019 00:00;14338
05/08/2019 00:00;14305
05/07/2019 00:00;14309
05/06/2019 00:00;14308
05/03/2019 00:00;14282
05/02/2019 00:00;14245
4/30/2019 12:00:00 AM;14215
4/29/2019 12:00:00 AM;14188
4/26/2019 12:00:00 AM;14188
4/25/2019 12:00:00 AM;14154
4/24/2019 12:00:00 AM;14112
4/23/2019 12:00:00 AM;14080
4/22/2019 12:00:00 AM;14056
4/18/2019 12:00:00 AM;14016
4/16/2019 12:00:00 AM;14066
4/15/2019 12:00:00 AM;14067
04/12/2019 00:00;14153
04/11/2019 00:00;14156
04/10/2019 00:00;14155
04/09/2019 00:00;14150
04/08/2019 00:00;14145
04/05/2019 00:00;14158
04/04/2019 00:00;14182
04/02/2019 00:00;14237
04/01/2019 00:00;14231
3/29/2019 12:00:00 AM;14244
3/28/2019 12:00:00 AM;14255
3/27/2019 12:00:00 AM;14202
3/26/2019 12:00:00 AM;14171
3/25/2019 12:00:00 AM;14223
3/22/2019 12:00:00 AM;14157
3/21/2019 12:00:00 AM;14102
3/20/2019 12:00:00 AM;14231
3/19/2019 12:00:00 AM;14228
3/18/2019 12:00:00 AM;14242
3/15/2019 12:00:00 AM;14310
3/14/2019 12:00:00 AM;14253
3/13/2019 12:00:00 AM;14269
03/12/2019 00:00;14251
03/11/2019 00:00;14324
03/08/2019 00:00;14223
03/06/2019 00:00;14129
03/05/2019 00:00;14146
03/04/2019 00:00;14149
03/01/2019 00:00;14111
2/28/2019 12:00:00 AM;14062
2/27/2019 12:00:00 AM;14004
2/26/2019 12:00:00 AM;13990
2/25/2019 12:00:00 AM;14007
2/22/2019 12:00:00 AM;14079
2/21/2019 12:00:00 AM;14057
2/20/2019 12:00:00 AM;14055
2/19/2019 12:00:00 AM;14119
2/18/2019 12:00:00 AM;14106
2/15/2019 12:00:00 AM;14116
2/14/2019 12:00:00 AM;14093
2/13/2019 12:00:00 AM;14027
02/12/2019 00:00;14088
02/11/2019 00:00;13995
02/08/2019 00:00;13992
02/07/2019 00:00;13978
02/06/2019 00:00;13947
02/04/2019 00:00;13976
02/01/2019 00:00;13978
1/31/2019 12:00:00 AM;14072
1/30/2019 12:00:00 AM;14112
1/29/2019 12:00:00 AM;14098
1/28/2019 12:00:00 AM;14038
1/25/2019 12:00:00 AM;14163
1/24/2019 12:00:00 AM;14141
1/23/2019 12:00:00 AM;14188
1/22/2019 12:00:00 AM;14221
1/21/2019 12:00:00 AM;14212
1/18/2019 12:00:00 AM;14182
1/17/2019 12:00:00 AM;14158
1/16/2019 12:00:00 AM;14154
1/15/2019 12:00:00 AM;14084
1/14/2019 12:00:00 AM;14052
01/11/2019 00:00;14076
01/10/2019 00:00;14093
01/09/2019 00:00;14120
01/08/2019 00:00;14031
01/07/2019 00:00;14105
01/04/2019 00:00;14350
01/03/2019 00:00;14474
01/02/2019 00:00;14465
12/31/2018 12:00:00 AM;14481
12/28/2018 12:00:00 AM;14542
12/27/2018 12:00:00 AM;14563
12/26/2018 12:00:00 AM;14602
12/21/2018 12:00:00 AM;14480
12/20/2018 12:00:00 AM;14499
12/19/2018 12:00:00 AM;14380
12/18/2018 12:00:00 AM;14523
12/17/2018 12:00:00 AM;14617
12/14/2018 12:00:00 AM;14538
12/13/2018 12:00:00 AM;14536
12/12/2018 00:00;14577
12/11/2018 00:00;14613
12/10/2018 00:00;14517
12/07/2018 00:00;14539
12/06/2018 00:00;14507
12/05/2018 00:00;14383
12/04/2018 00:00;14293
12/03/2018 00:00;14252
11/30/2018 12:00:00 AM;14339
11/29/2018 12:00:00 AM;14408
11/28/2018 12:00:00 AM;14535
11/27/2018 12:00:00 AM;14504
11/26/2018 12:00:00 AM;14551
11/23/2018 12:00:00 AM;14552
11/22/2018 12:00:00 AM;14592
11/21/2018 12:00:00 AM;14618
11/19/2018 12:00:00 AM;14586
11/16/2018 12:00:00 AM;14594
11/15/2018 12:00:00 AM;14764
11/14/2018 12:00:00 AM;14755
11/13/2018 12:00:00 AM;14895
11/12/2018 00:00;14747
11/09/2018 00:00;14632
11/08/2018 00:00;14651
11/07/2018 00:00;14764
11/06/2018 00:00;14891
11/05/2018 00:00;14972
11/02/2018 00:00;15089
11/01/2018 00:00;15195
10/31/2018 12:00:00 AM;15227
10/30/2018 12:00:00 AM;15237
10/29/2018 12:00:00 AM;15218
10/26/2018 12:00:00 AM;15207
10/25/2018 12:00:00 AM;15210
10/24/2018 12:00:00 AM;15193
10/23/2018 12:00:00 AM;15208
10/22/2018 12:00:00 AM;15192
10/19/2018 12:00:00 AM;15221
10/18/2018 12:00:00 AM;15187
10/17/2018 12:00:00 AM;15178
10/16/2018 12:00:00 AM;15206
10/15/2018 12:00:00 AM;15246
10/12/2018 00:00;15194
10/11/2018 00:00;15253
10/10/2018 00:00;15215
10/09/2018 00:00;15233
10/08/2018 00:00;15193
10/05/2018 00:00;15182
10/04/2018 00:00;15133
10/03/2018 00:00;15088
10/02/2018 00:00;14988
10/01/2018 00:00;14905
9/28/2018 12:00:00 AM;14929
9/27/2018 12:00:00 AM;14919
9/26/2018 12:00:00 AM;14938
9/25/2018 12:00:00 AM;14893
9/24/2018 12:00:00 AM;14865
9/21/2018 12:00:00 AM;14824
9/20/2018 12:00:00 AM;14839
9/19/2018 12:00:00 AM;14896
9/18/2018 12:00:00 AM;14908
9/17/2018 12:00:00 AM;14859
9/14/2018 12:00:00 AM;14835
9/13/2018 12:00:00 AM;14794
09/12/2018 00:00;14863
09/10/2018 00:00;14835
09/07/2018 00:00;14884
09/06/2018 00:00;14891
09/05/2018 00:00;14927
09/04/2018 00:00;14840
09/03/2018 00:00;14767
8/31/2018 12:00:00 AM;14711
8/30/2018 12:00:00 AM;14655
8/29/2018 12:00:00 AM;14643
8/28/2018 12:00:00 AM;14614
8/27/2018 12:00:00 AM;14610
8/24/2018 12:00:00 AM;14655
8/23/2018 12:00:00 AM;14620
8/21/2018 12:00:00 AM;14568
8/20/2018 12:00:00 AM;14578
8/16/2018 12:00:00 AM;14619
8/15/2018 12:00:00 AM;14621
8/14/2018 12:00:00 AM;14625
8/13/2018 12:00:00 AM;14583
08/10/2018 00:00;14437
08/09/2018 00:00;14422
08/08/2018 00:00;14439
08/07/2018 00:00;14485
08/06/2018 00:00;14481
08/03/2018 00:00;14503
08/02/2018 00:00;14446
08/01/2018 00:00;14442
7/31/2018 12:00:00 AM;14413
7/30/2018 12:00:00 AM;14409
7/27/2018 12:00:00 AM;14483
7/26/2018 12:00:00 AM;14443
7/25/2018 12:00:00 AM;14515
7/24/2018 12:00:00 AM;14541
7/23/2018 12:00:00 AM;14454
7/20/2018 12:00:00 AM;14520
7/19/2018 12:00:00 AM;14418
7/18/2018 12:00:00 AM;14406
7/17/2018 12:00:00 AM;14391
7/16/2018 12:00:00 AM;14396
7/13/2018 12:00:00 AM;14358
07/12/2018 00:00;14435
07/11/2018 00:00;14391
07/10/2018 00:00;14326
07/09/2018 00:00;14332
07/06/2018 00:00;14409
07/05/2018 00:00;14387
07/04/2018 00:00;14343
07/03/2018 00:00;14418
07/02/2018 00:00;14331
6/29/2018 12:00:00 AM;14404
6/28/2018 12:00:00 AM;14271
6/26/2018 12:00:00 AM;14163
6/25/2018 12:00:00 AM;14105
6/22/2018 12:00:00 AM;14102
6/21/2018 12:00:00 AM;14090
06/08/2018 00:00;13902
06/07/2018 00:00;13868
06/06/2018 00:00;13875
06/05/2018 00:00;13887
06/04/2018 00:00;13872
5/31/2018 12:00:00 AM;13951
5/30/2018 12:00:00 AM;14032
5/28/2018 12:00:00 AM;14065
5/25/2018 12:00:00 AM;14166
5/24/2018 12:00:00 AM;14205
5/23/2018 12:00:00 AM;14192
5/22/2018 12:00:00 AM;14178
5/21/2018 12:00:00 AM;14176
5/18/2018 12:00:00 AM;14107
5/17/2018 12:00:00 AM;14074
5/16/2018 12:00:00 AM;14094
5/15/2018 12:00:00 AM;14020
5/14/2018 12:00:00 AM;13976
05/11/2018 00:00;14048
05/09/2018 00:00;14074
05/08/2018 00:00;14036
05/07/2018 00:00;13956
05/04/2018 00:00;13943
05/03/2018 00:00;13965
05/02/2018 00:00;13936
4/30/2018 12:00:00 AM;13877
4/27/2018 12:00:00 AM;13879
4/26/2018 12:00:00 AM;13930
4/25/2018 12:00:00 AM;13888
4/24/2018 12:00:00 AM;13900
4/23/2018 12:00:00 AM;13894
4/20/2018 12:00:00 AM;13804
4/19/2018 12:00:00 AM;13778
4/18/2018 12:00:00 AM;13770
4/17/2018 12:00:00 AM;13770
4/16/2018 12:00:00 AM;13766
4/13/2018 12:00:00 AM;13753
04/12/2018 00:00;13763
04/11/2018 00:00;13747
04/10/2018 00:00;13759
04/09/2018 00:00;13771
04/06/2018 00:00;13771
04/05/2018 00:00;13767
04/04/2018 00:00;13760
04/03/2018 00:00;13765
04/02/2018 00:00;13750
3/29/2018 12:00:00 AM;13756
3/28/2018 12:00:00 AM;13745
3/27/2018 12:00:00 AM;13708
3/26/2018 12:00:00 AM;13776
3/23/2018 12:00:00 AM;13780
3/22/2018 12:00:00 AM;13737
3/21/2018 12:00:00 AM;13759
3/20/2018 12:00:00 AM;13761
3/19/2018 12:00:00 AM;13765
3/16/2018 12:00:00 AM;13765
3/15/2018 12:00:00 AM;13748
3/14/2018 12:00:00 AM;13739
3/13/2018 12:00:00 AM;13757
03/12/2018 00:00;13768
03/09/2018 00:00;13794
03/08/2018 00:00;13774
03/07/2018 00:00;13763
03/06/2018 00:00;13750
03/05/2018 00:00;13740
03/02/2018 00:00;13746
03/01/2018 00:00;13793
2/28/2018 12:00:00 AM;13707
2/27/2018 12:00:00 AM;13650
2/26/2018 12:00:00 AM;13659
2/23/2018 12:00:00 AM;13670
2/22/2018 12:00:00 AM;13665
2/21/2018 12:00:00 AM;13582
2/20/2018 12:00:00 AM;13573
2/19/2018 12:00:00 AM;13541
2/15/2018 12:00:00 AM;13570
2/14/2018 12:00:00 AM;13657
2/13/2018 12:00:00 AM;13644
02/12/2018 00:00;13609
02/09/2018 00:00;13643
02/08/2018 00:00;13602
02/07/2018 00:00;13533
02/06/2018 00:00;13578
02/05/2018 00:00;13498
02/02/2018 00:00;13428
02/01/2018 00:00;13402
1/31/2018 12:00:00 AM;13413
1/30/2018 12:00:00 AM;13398
1/29/2018 12:00:00 AM;13327
1/26/2018 12:00:00 AM;13303
1/25/2018 12:00:00 AM;13290
1/24/2018 12:00:00 AM;13321
1/23/2018 12:00:00 AM;13318
1/22/2018 12:00:00 AM;13334
1/19/2018 12:00:00 AM;13331
1/18/2018 12:00:00 AM;13365
1/17/2018 12:00:00 AM;13323
1/16/2018 12:00:00 AM;13333
1/15/2018 12:00:00 AM;13330
01/12/2018 00:00;13362
01/11/2018 00:00;13427
01/10/2018 00:00;13449
01/09/2018 00:00;13428
01/08/2018 00:00;13397
01/05/2018 00:00;13405
01/04/2018 00:00;13474
01/03/2018 00:00;13498
01/02/2018 00:00;13542
12/29/2017 12:00:00 AM;13548
12/28/2017 12:00:00 AM;13560
12/27/2017 12:00:00 AM;13562
12/22/2017 12:00:00 AM;13558
12/21/2017 12:00:00 AM;13545
12/20/2017 12:00:00 AM;13579
12/19/2017 12:00:00 AM;13587
12/18/2017 12:00:00 AM;13584
12/15/2017 12:00:00 AM;13573
12/14/2017 12:00:00 AM;13565
12/13/2017 12:00:00 AM;13589
12/12/2017 00:00;13550
12/11/2017 00:00;13546
12/08/2017 00:00;13556
12/07/2017 00:00;13552
12/06/2017 00:00;13524
12/05/2017 00:00;13515
12/04/2017 00:00;13527
11/30/2017 12:00:00 AM;13514
11/29/2017 12:00:00 AM;13515
11/28/2017 12:00:00 AM;13527
11/27/2017 12:00:00 AM;13511
11/24/2017 12:00:00 AM;13506
11/23/2017 12:00:00 AM;13503
11/22/2017 12:00:00 AM;13523
11/21/2017 12:00:00 AM;13544
11/20/2017 12:00:00 AM;13529
11/17/2017 12:00:00 AM;13517
11/16/2017 12:00:00 AM;13538
11/15/2017 12:00:00 AM;13539
11/14/2017 12:00:00 AM;13542
11/13/2017 12:00:00 AM;13555
11/10/2017 00:00;13514
11/09/2017 00:00;13514
11/08/2017 00:00;13524
11/07/2017 00:00;13504
11/06/2017 00:00;13529
11/03/2017 00:00;13500
11/02/2017 00:00;13562
11/01/2017 00:00;13592
10/31/2017 12:00:00 AM;13572
10/30/2017 12:00:00 AM;13580
10/27/2017 12:00:00 AM;13630
10/26/2017 12:00:00 AM;13560
10/25/2017 12:00:00 AM;13570
10/24/2017 12:00:00 AM;13529
10/23/2017 12:00:00 AM;13535
10/20/2017 12:00:00 AM;13517
10/19/2017 12:00:00 AM;13521
10/18/2017 12:00:00 AM;13514
10/17/2017 12:00:00 AM;13490
10/16/2017 12:00:00 AM;13483
10/13/2017 12:00:00 AM;13508
10/12/2017 00:00;13521
10/11/2017 00:00;13509
10/10/2017 00:00;13491
10/09/2017 00:00;13504
10/06/2017 00:00;13485
10/05/2017 00:00;13483
10/04/2017 00:00;13489
10/03/2017 00:00;13582
10/02/2017 00:00;13499
9/29/2017 12:00:00 AM;13492
9/28/2017 12:00:00 AM;13464
9/27/2017 12:00:00 AM;13384
9/26/2017 12:00:00 AM;13348
9/25/2017 12:00:00 AM;13305
9/22/2017 12:00:00 AM;13325
9/20/2017 12:00:00 AM;13270
9/19/2017 12:00:00 AM;13258
9/18/2017 12:00:00 AM;13238
9/15/2017 12:00:00 AM;13261
9/14/2017 12:00:00 AM;13239
9/13/2017 12:00:00 AM;13209
09/12/2017 00:00;13186
09/11/2017 00:00;13154
09/08/2017 00:00;13284
09/07/2017 00:00;13331
09/06/2017 00:00;13337
09/05/2017 00:00;13336
09/04/2017 00:00;13345
8/31/2017 12:00:00 AM;13351
8/30/2017 12:00:00 AM;13343
8/29/2017 12:00:00 AM;13348
8/28/2017 12:00:00 AM;13338
8/25/2017 12:00:00 AM;13348
8/24/2017 12:00:00 AM;13354
8/23/2017 12:00:00 AM;13342
8/22/2017 12:00:00 AM;13338
8/21/2017 12:00:00 AM;13355
8/18/2017 12:00:00 AM;13368
8/16/2017 12:00:00 AM;13374
8/15/2017 12:00:00 AM;13344
8/14/2017 12:00:00 AM;13344
08/11/2017 00:00;13370
08/10/2017 00:00;13338
08/09/2017 00:00;13324
08/08/2017 00:00;13319
08/07/2017 00:00;13319
08/04/2017 00:00;13324
08/03/2017 00:00;13330
08/02/2017 00:00;13331
08/01/2017 00:00;13318
7/31/2017 12:00:00 AM;13323
7/28/2017 12:00:00 AM;13326
7/27/2017 12:00:00 AM;13315
7/26/2017 12:00:00 AM;13334
7/25/2017 12:00:00 AM;13320
7/24/2017 12:00:00 AM;13319
7/21/2017 12:00:00 AM;13323
7/20/2017 12:00:00 AM;13320
7/19/2017 12:00:00 AM;13304
7/18/2017 12:00:00 AM;13314
7/17/2017 12:00:00 AM;13313
7/14/2017 12:00:00 AM;13347
7/13/2017 12:00:00 AM;13342
07/12/2017 00:00;13368
07/11/2017 00:00;13387
07/10/2017 00:00;13408
07/07/2017 00:00;13397
07/06/2017 00:00;13364
07/05/2017 00:00;13349
07/04/2017 00:00;13386
07/03/2017 00:00;13325
6/22/2017 12:00:00 AM;13319
6/21/2017 12:00:00 AM;13301
6/20/2017 12:00:00 AM;13297
6/19/2017 12:00:00 AM;13286
6/16/2017 12:00:00 AM;13298
6/15/2017 12:00:00 AM;13282
6/14/2017 12:00:00 AM;13286
6/13/2017 12:00:00 AM;13294
06/12/2017 00:00;13292
06/09/2017 00:00;13292
06/08/2017 00:00;13316
06/07/2017 00:00;13307
06/06/2017 00:00;13285
06/05/2017 00:00;13287
06/02/2017 00:00;13311
5/31/2017 12:00:00 AM;13321
5/30/2017 12:00:00 AM;13336
5/29/2017 12:00:00 AM;13312
5/26/2017 12:00:00 AM;13295
5/24/2017 12:00:00 AM;13316
5/23/2017 12:00:00 AM;13296
5/22/2017 12:00:00 AM;13297
5/19/2017 12:00:00 AM;13410
5/18/2017 12:00:00 AM;13343
5/17/2017 12:00:00 AM;13306
5/16/2017 12:00:00 AM;13298
5/15/2017 12:00:00 AM;13319
05/12/2017 00:00;13340
05/10/2017 00:00;13355
05/09/2017 00:00;13317
05/08/2017 00:00;13324
05/05/2017 00:00;13339
05/04/2017 00:00;13330
05/03/2017 00:00;13297
05/02/2017 00:00;13316
4/28/2017 12:00:00 AM;13327
4/27/2017 12:00:00 AM;13299
4/26/2017 12:00:00 AM;13278
4/25/2017 12:00:00 AM;13296
4/21/2017 12:00:00 AM;13320
4/20/2017 12:00:00 AM;13328
4/18/2017 12:00:00 AM;13299
4/17/2017 12:00:00 AM;13255
4/13/2017 12:00:00 AM;13264
04/12/2017 00:00;13298
04/11/2017 00:00;13282
04/10/2017 00:00;13323
04/07/2017 00:00;13341
04/06/2017 00:00;13327
04/05/2017 00:00;13329
04/04/2017 00:00;13326
04/03/2017 00:00;13324
3/31/2017 12:00:00 AM;13321
3/30/2017 12:00:00 AM;13316
3/29/2017 12:00:00 AM;13323
3/27/2017 12:00:00 AM;13314
3/24/2017 12:00:00 AM;13329
3/23/2017 12:00:00 AM;13332
3/22/2017 12:00:00 AM;13335
3/21/2017 12:00:00 AM;13308
3/20/2017 12:00:00 AM;13329
3/17/2017 12:00:00 AM;13342
3/16/2017 12:00:00 AM;13336
3/15/2017 12:00:00 AM;13375
3/14/2017 12:00:00 AM;13360
3/13/2017 12:00:00 AM;13364
03/10/2017 00:00;13393
03/09/2017 00:00;13373
03/08/2017 00:00;13340
03/07/2017 00:00;13350
03/06/2017 00:00;13364
03/03/2017 00:00;13375
03/02/2017 00:00;13361
03/01/2017 00:00;13361
2/28/2017 12:00:00 AM;13347
2/27/2017 12:00:00 AM;13339
2/24/2017 12:00:00 AM;13336
2/23/2017 12:00:00 AM;13360
2/22/2017 12:00:00 AM;13356
2/21/2017 12:00:00 AM;13370
2/20/2017 12:00:00 AM;13352
2/17/2017 12:00:00 AM;13328
2/16/2017 12:00:00 AM;13329
2/14/2017 12:00:00 AM;13330
2/13/2017 12:00:00 AM;13330
02/10/2017 00:00;13318
02/09/2017 00:00;13308
02/08/2017 00:00;13337
02/07/2017 00:00;13322
02/06/2017 00:00;13329
02/03/2017 00:00;13362
02/02/2017 00:00;13374
02/01/2017 00:00;13349
1/31/2017 12:00:00 AM;13343
1/30/2017 12:00:00 AM;13335
1/27/2017 12:00:00 AM;13359
1/26/2017 12:00:00 AM;13325
1/25/2017 12:00:00 AM;13340
1/24/2017 12:00:00 AM;13330
1/23/2017 12:00:00 AM;13372
1/20/2017 12:00:00 AM;13382
1/19/2017 12:00:00 AM;13376
1/18/2017 12:00:00 AM;13328
1/17/2017 12:00:00 AM;13381
1/16/2017 12:00:00 AM;13354
1/13/2017 12:00:00 AM;13308
01/12/2017 00:00;13288
01/11/2017 00:00;13327
01/10/2017 00:00;13320
01/09/2017 00:00;13385
01/06/2017 00:00;13347
01/05/2017 00:00;13370
01/04/2017 00:00;13478
01/03/2017 00:00;13485
12/30/2016 12:00:00 AM;13436
12/29/2016 12:00:00 AM;13473
12/28/2016 12:00:00 AM;13447
12/27/2016 12:00:00 AM;13436
12/23/2016 12:00:00 AM;13470
12/22/2016 12:00:00 AM;13435
12/21/2016 12:00:00 AM;13473
12/20/2016 12:00:00 AM;13393
12/19/2016 12:00:00 AM;13381
12/16/2016 12:00:00 AM;13426
12/15/2016 12:00:00 AM;13367
12/14/2016 12:00:00 AM;13285
12/13/2016 12:00:00 AM;13309
12/09/2016 00:00;13337
12/08/2016 00:00;13304
12/07/2016 00:00;13336
12/06/2016 00:00;13405
12/05/2016 00:00;13516
12/02/2016 00:00;13524
12/01/2016 00:00;13582
11/30/2016 12:00:00 AM;13563
11/29/2016 12:00:00 AM;13549
11/28/2016 12:00:00 AM;13467
11/25/2016 12:00:00 AM;13570
11/24/2016 12:00:00 AM;13540
11/23/2016 12:00:00 AM;13473
11/22/2016 12:00:00 AM;13424
11/21/2016 12:00:00 AM;13438
11/18/2016 12:00:00 AM;13408
11/17/2016 12:00:00 AM;13385
11/16/2016 12:00:00 AM;13347
11/15/2016 12:00:00 AM;13338
11/14/2016 12:00:00 AM;13358
11/11/2016 00:00;13350
11/10/2016 00:00;13118
11/09/2016 00:00;13084
11/08/2016 00:00;13090
11/07/2016 00:00;13082
11/04/2016 00:00;13103
11/03/2016 00:00;13050
11/02/2016 00:00;13058
11/01/2016 00:00;13036
10/31/2016 12:00:00 AM;13051
10/28/2016 12:00:00 AM;13048
10/27/2016 12:00:00 AM;13027
10/26/2016 12:00:00 AM;12997
10/25/2016 12:00:00 AM;13022
10/24/2016 12:00:00 AM;13047
10/21/2016 12:00:00 AM;13020
10/20/2016 12:00:00 AM;12999
10/19/2016 12:00:00 AM;13007
10/18/2016 12:00:00 AM;13044
10/17/2016 12:00:00 AM;13054
10/14/2016 12:00:00 AM;13047
10/13/2016 12:00:00 AM;13028
10/12/2016 00:00;13023
10/11/2016 00:00;12992
10/10/2016 00:00;12969
10/07/2016 00:00;13002
10/06/2016 00:00;12992
10/05/2016 00:00;12995
10/04/2016 00:00;12988
10/03/2016 00:00;13010
9/30/2016 12:00:00 AM;12998
9/29/2016 12:00:00 AM;12952
9/28/2016 12:00:00 AM;12926
9/27/2016 12:00:00 AM;13027
9/26/2016 12:00:00 AM;13076
9/23/2016 12:00:00 AM;13098
9/22/2016 12:00:00 AM;13098
9/21/2016 12:00:00 AM;13148
9/20/2016 12:00:00 AM;13142
9/19/2016 12:00:00 AM;13164
9/16/2016 12:00:00 AM;13131
9/15/2016 12:00:00 AM;13190
9/14/2016 12:00:00 AM;13228
9/13/2016 12:00:00 AM;13151
09/09/2016 00:00;13089
09/08/2016 00:00;13090
09/07/2016 00:00;13086
09/06/2016 00:00;13162
09/05/2016 00:00;13197
09/02/2016 00:00;13261
09/01/2016 00:00;13269
8/31/2016 12:00:00 AM;13300
8/30/2016 12:00:00 AM;13260
8/29/2016 12:00:00 AM;13275
8/26/2016 12:00:00 AM;13242
8/25/2016 12:00:00 AM;13267
8/24/2016 12:00:00 AM;13252
8/23/2016 12:00:00 AM;13216
8/22/2016 12:00:00 AM;13197
8/19/2016 12:00:00 AM;13119
8/18/2016 12:00:00 AM;13114
8/16/2016 12:00:00 AM;13098
8/15/2016 12:00:00 AM;13121
08/12/2016 00:00;13120
08/11/2016 00:00;13113
08/10/2016 00:00;13123
08/09/2016 00:00;13133
08/08/2016 00:00;13144
08/05/2016 00:00;13125
08/04/2016 00:00;13138
08/03/2016 00:00;13114
08/02/2016 00:00;13079
08/01/2016 00:00;13080
7/29/2016 12:00:00 AM;13094
7/28/2016 12:00:00 AM;13113
7/27/2016 12:00:00 AM;13130
7/26/2016 12:00:00 AM;13150
7/25/2016 12:00:00 AM;13135
7/22/2016 12:00:00 AM;13102
7/21/2016 12:00:00 AM;13122
7/20/2016 12:00:00 AM;13100
7/19/2016 12:00:00 AM;13086
7/18/2016 12:00:00 AM;13112
7/15/2016 12:00:00 AM;13086
7/14/2016 12:00:00 AM;13088
7/13/2016 12:00:00 AM;13095
07/12/2016 00:00;13151
07/11/2016 00:00;13112
07/01/2016 00:00;13172
6/30/2016 12:00:00 AM;13180
6/29/2016 12:00:00 AM;13166
6/28/2016 12:00:00 AM;13256
6/27/2016 12:00:00 AM;13495
6/24/2016 12:00:00 AM;13296
6/23/2016 12:00:00 AM;13265
6/22/2016 12:00:00 AM;13298
6/21/2016 12:00:00 AM;13286
6/20/2016 12:00:00 AM;13260
6/17/2016 12:00:00 AM;13358
6/16/2016 12:00:00 AM;13327
6/15/2016 12:00:00 AM;13398
6/14/2016 12:00:00 AM;13273
6/13/2016 12:00:00 AM;13341
06/10/2016 00:00;13309
06/09/2016 00:00;13231
06/08/2016 00:00;13241
06/07/2016 00:00;13375
06/06/2016 00:00;13478
06/03/2016 00:00;13612
06/02/2016 00:00;13695
06/01/2016 00:00;13671
5/31/2016 12:00:00 AM;13615
5/30/2016 12:00:00 AM;13641
5/27/2016 12:00:00 AM;13575
5/26/2016 12:00:00 AM;13615
5/25/2016 12:00:00 AM;13671
5/24/2016 12:00:00 AM;13606
5/23/2016 12:00:00 AM;13607
5/20/2016 12:00:00 AM;13573
5/19/2016 12:00:00 AM;13467
5/18/2016 12:00:00 AM;13319
5/17/2016 12:00:00 AM;13278
5/16/2016 12:00:00 AM;13328
5/13/2016 12:00:00 AM;13311
05/12/2016 00:00;13299
05/11/2016 00:00;13271
05/10/2016 00:00;13333
05/09/2016 00:00;13284
05/04/2016 00:00;13246
05/03/2016 00:00;13162
05/02/2016 00:00;13192
4/29/2016 12:00:00 AM;13204
4/28/2016 12:00:00 AM;13204
4/27/2016 12:00:00 AM;13173
4/26/2016 12:00:00 AM;13215
4/25/2016 12:00:00 AM;13235
4/22/2016 12:00:00 AM;13169
4/21/2016 12:00:00 AM;13182
4/20/2016 12:00:00 AM;13133
4/19/2016 12:00:00 AM;13150
4/18/2016 12:00:00 AM;13204
4/15/2016 12:00:00 AM;13166
4/14/2016 12:00:00 AM;13238
4/13/2016 12:00:00 AM;13096
04/12/2016 00:00;13123
04/11/2016 00:00;13134
04/08/2016 00:00;13169
04/07/2016 00:00;13197
04/06/2016 00:00;13223
04/05/2016 00:00;13217
04/04/2016 00:00;13145
04/01/2016 00:00;13200
3/31/2016 12:00:00 AM;13276
3/30/2016 12:00:00 AM;13359
3/29/2016 12:00:00 AM;13363
3/28/2016 12:00:00 AM;13323
3/24/2016 12:00:00 AM;13250
3/23/2016 12:00:00 AM;13167
3/22/2016 12:00:00 AM;13175
3/21/2016 12:00:00 AM;13160
3/18/2016 12:00:00 AM;13048
3/17/2016 12:00:00 AM;13166
3/16/2016 12:00:00 AM;13169
3/15/2016 12:00:00 AM;13087
3/14/2016 12:00:00 AM;13020
03/11/2016 00:00;13087
03/10/2016 00:00;13149
03/08/2016 00:00;13128
03/07/2016 00:00;13029
03/04/2016 00:00;13159
03/03/2016 00:00;13260
03/02/2016 00:00;13314
03/01/2016 00:00;13367
2/29/2016 12:00:00 AM;13395
2/26/2016 12:00:00 AM;13400
2/25/2016 12:00:00 AM;13416
2/24/2016 12:00:00 AM;13446
2/23/2016 12:00:00 AM;13397
2/22/2016 12:00:00 AM;13460
2/19/2016 12:00:00 AM;13549
2/18/2016 12:00:00 AM;13479
2/17/2016 12:00:00 AM;13504
2/16/2016 12:00:00 AM;13333
2/15/2016 12:00:00 AM;13476
02/12/2016 00:00;13471
02/11/2016 00:00;13369
02/10/2016 00:00;13538
02/09/2016 00:00;13689
02/05/2016 00:00;13653
02/04/2016 00:00;13662
02/03/2016 00:00;13757
02/02/2016 00:00;13621
02/01/2016 00:00;13699
1/29/2016 12:00:00 AM;13846
1/28/2016 12:00:00 AM;13889
1/27/2016 12:00:00 AM;13871
1/26/2016 12:00:00 AM;13904
1/25/2016 12:00:00 AM;13844
1/22/2016 12:00:00 AM;13874
1/21/2016 12:00:00 AM;13899
1/20/2016 12:00:00 AM;13896
1/19/2016 12:00:00 AM;13921
1/18/2016 12:00:00 AM;13931
1/15/2016 12:00:00 AM;13886
1/14/2016 12:00:00 AM;13877
1/13/2016 12:00:00 AM;13861
01/12/2016 00:00;13835
01/11/2016 00:00;13935
01/08/2016 00:00;13874
01/07/2016 00:00;13946
01/06/2016 00:00;13863
01/05/2016 00:00;13931
01/04/2016 00:00;13898
12/31/2015 12:00:00 AM;13795
12/30/2015 12:00:00 AM;13794
12/29/2015 12:00:00 AM;13658
12/28/2015 12:00:00 AM;13639
12/23/2015 12:00:00 AM;13644
12/22/2015 12:00:00 AM;13615
12/21/2015 12:00:00 AM;13872
12/18/2015 12:00:00 AM;14032
12/17/2015 12:00:00 AM;14028
12/16/2015 12:00:00 AM;14050
12/15/2015 12:00:00 AM;14065
12/14/2015 12:00:00 AM;14076
12/11/2015 00:00;13937
12/10/2015 00:00;13954
12/08/2015 00:00;13853
12/07/2015 00:00;13837
12/04/2015 00:00;13833
12/03/2015 00:00;13845
12/02/2015 00:00;13757
12/01/2015 00:00;13808
11/30/2015 12:00:00 AM;13840
11/27/2015 12:00:00 AM;13747
11/26/2015 12:00:00 AM;13733
11/25/2015 12:00:00 AM;13673
11/24/2015 12:00:00 AM;13723
11/23/2015 12:00:00 AM;13696
11/20/2015 12:00:00 AM;13739
11/19/2015 12:00:00 AM;13787
11/18/2015 12:00:00 AM;13763
11/17/2015 12:00:00 AM;13711
11/16/2015 12:00:00 AM;13732
11/13/2015 12:00:00 AM;13633
11/12/2015 00:00;13575
11/11/2015 00:00;13576
11/10/2015 00:00;13619
11/09/2015 00:00;13687
11/06/2015 00:00;13550
11/05/2015 00:00;13603
11/04/2015 00:00;13461
11/03/2015 00:00;13594
11/02/2015 00:00;13682
10/30/2015 12:00:00 AM;13639
10/29/2015 12:00:00 AM;13562
10/28/2015 12:00:00 AM;13630
10/27/2015 12:00:00 AM;13626
10/26/2015 12:00:00 AM;13643
10/23/2015 12:00:00 AM;13491
10/22/2015 12:00:00 AM;13640
10/21/2015 12:00:00 AM;13696
10/20/2015 12:00:00 AM;13634
10/19/2015 12:00:00 AM;13563
10/16/2015 12:00:00 AM;13534
10/15/2015 12:00:00 AM;13288
10/13/2015 12:00:00 AM;13557
10/12/2015 00:00;13466
10/09/2015 00:00;13521
10/08/2015 00:00;13809
10/07/2015 00:00;14065
10/06/2015 00:00;14382
10/05/2015 00:00;14604
10/02/2015 00:00;14709
10/01/2015 00:00;14654
9/30/2015 12:00:00 AM;14657
9/29/2015 12:00:00 AM;14728
9/28/2015 12:00:00 AM;14696
9/25/2015 12:00:00 AM;14690
9/23/2015 12:00:00 AM;14623
9/22/2015 12:00:00 AM;14486
9/21/2015 12:00:00 AM;14451
9/18/2015 12:00:00 AM;14463
9/17/2015 12:00:00 AM;14452
9/16/2015 12:00:00 AM;14442
9/15/2015 12:00:00 AM;14371
9/14/2015 12:00:00 AM;14322
09/11/2015 00:00;14306
09/10/2015 00:00;14322
09/09/2015 00:00;14244
09/08/2015 00:00;14285
09/07/2015 00:00;14234
09/04/2015 00:00;14178
09/03/2015 00:00;14160
09/02/2015 00:00;14127
09/01/2015 00:00;14081
8/31/2015 12:00:00 AM;14027
8/28/2015 12:00:00 AM;14011
8/27/2015 12:00:00 AM;14128
8/26/2015 12:00:00 AM;14102
8/25/2015 12:00:00 AM;14067
8/24/2015 12:00:00 AM;13998
8/21/2015 12:00:00 AM;13895
8/20/2015 12:00:00 AM;13838
8/19/2015 12:00:00 AM;13824
8/18/2015 12:00:00 AM;13831
8/14/2015 12:00:00 AM;13763
8/13/2015 12:00:00 AM;13747
08/12/2015 00:00;13758
08/11/2015 00:00;13541
08/10/2015 00:00;13536
08/07/2015 00:00;13536
08/06/2015 00:00;13529
08/05/2015 00:00;13517
08/04/2015 00:00;13495
08/03/2015 00:00;13492
7/31/2015 12:00:00 AM;13481
7/30/2015 12:00:00 AM;13468
7/29/2015 12:00:00 AM;13444
7/28/2015 12:00:00 AM;13460
7/27/2015 12:00:00 AM;13453
7/24/2015 12:00:00 AM;13448
7/23/2015 12:00:00 AM;13394
7/22/2015 12:00:00 AM;13368
7/15/2015 12:00:00 AM;13329
7/14/2015 12:00:00 AM;13320
7/13/2015 12:00:00 AM;13309
07/10/2015 00:00;13304
07/09/2015 00:00;13347
07/08/2015 00:00;13346
07/07/2015 00:00;13313
07/06/2015 00:00;13353
07/03/2015 00:00;13316
07/02/2015 00:00;13337
07/01/2015 00:00;13331
6/30/2015 12:00:00 AM;13332
6/29/2015 12:00:00 AM;13356
6/26/2015 12:00:00 AM;13338
6/25/2015 12:00:00 AM;13323
6/24/2015 12:00:00 AM;13280
6/23/2015 12:00:00 AM;13316
6/22/2015 12:00:00 AM;13318
6/19/2015 12:00:00 AM;13324
6/18/2015 12:00:00 AM;13341
6/17/2015 12:00:00 AM;13367
6/16/2015 12:00:00 AM;13333
6/15/2015 12:00:00 AM;13333
06/12/2015 00:00;13317
06/11/2015 00:00;13292
06/10/2015 00:00;13329
06/09/2015 00:00;13362
06/08/2015 00:00;13360
06/05/2015 00:00;13288
06/04/2015 00:00;13243
06/03/2015 00:00;13196
06/01/2015 00:00;13230
5/29/2015 12:00:00 AM;13211
5/28/2015 12:00:00 AM;13205
5/27/2015 12:00:00 AM;13229
5/26/2015 12:00:00 AM;13192
5/25/2015 12:00:00 AM;13186
5/22/2015 12:00:00 AM;13136
5/21/2015 12:00:00 AM;13150
5/20/2015 12:00:00 AM;13169
5/19/2015 12:00:00 AM;13183
5/18/2015 12:00:00 AM;13116
5/15/2015 12:00:00 AM;13090
5/13/2015 12:00:00 AM;13188
05/12/2015 00:00;13203
05/11/2015 00:00;13116
05/08/2015 00:00;13177
05/07/2015 00:00;13065
05/06/2015 00:00;13040
05/05/2015 00:00;12993
05/04/2015 00:00;13021
4/30/2015 12:00:00 AM;12937
4/29/2015 12:00:00 AM;12964
4/28/2015 12:00:00 AM;12978
4/27/2015 12:00:00 AM;12922
4/24/2015 12:00:00 AM;12941
4/23/2015 12:00:00 AM;12939
4/22/2015 12:00:00 AM;12952
4/21/2015 12:00:00 AM;12942
4/20/2015 12:00:00 AM;12875
4/17/2015 12:00:00 AM;12863
4/16/2015 12:00:00 AM;12838
4/15/2015 12:00:00 AM;12976
4/14/2015 12:00:00 AM;12979
4/13/2015 12:00:00 AM;12945
04/10/2015 00:00;12910
04/09/2015 00:00;12973
04/08/2015 00:00;13002
04/07/2015 00:00;12982
04/06/2015 00:00;12942
04/02/2015 00:00;13000
04/01/2015 00:00;13043
3/31/2015 12:00:00 AM;13084
3/30/2015 12:00:00 AM;13086
3/27/2015 12:00:00 AM;13064
3/26/2015 12:00:00 AM;13003
3/25/2015 12:00:00 AM;12932
3/24/2015 12:00:00 AM;12972
3/23/2015 12:00:00 AM;13076
3/20/2015 12:00:00 AM;13075
3/19/2015 12:00:00 AM;13008
3/18/2015 12:00:00 AM;13164
3/17/2015 12:00:00 AM;13209
3/16/2015 12:00:00 AM;13237
3/13/2015 12:00:00 AM;13191
03/12/2015 00:00;13176
03/11/2015 00:00;13164
03/10/2015 00:00;13059
03/09/2015 00:00;13047
03/06/2015 00:00;12983
03/05/2015 00:00;13022
03/04/2015 00:00;12963
03/03/2015 00:00;12962
03/02/2015 00:00;12993
2/27/2015 12:00:00 AM;12863
2/26/2015 12:00:00 AM;12862
2/25/2015 12:00:00 AM;12887
2/24/2015 12:00:00 AM;12866
2/23/2015 12:00:00 AM;12813
2/20/2015 12:00:00 AM;12849
2/18/2015 12:00:00 AM;12804
2/17/2015 12:00:00 AM;12757
2/16/2015 12:00:00 AM;12742
2/13/2015 12:00:00 AM;12769
02/12/2015 00:00;12794
02/11/2015 00:00;12700
02/10/2015 00:00;12644
02/09/2015 00:00;12679
02/06/2015 00:00;12613
02/05/2015 00:00;12653
02/04/2015 00:00;12609
02/03/2015 00:00;12643
02/02/2015 00:00;12700
1/30/2015 12:00:00 AM;12625
1/29/2015 12:00:00 AM;12515
1/28/2015 12:00:00 AM;12498
1/27/2015 12:00:00 AM;12493
1/26/2015 12:00:00 AM;12517
1/23/2015 12:00:00 AM;12444
1/22/2015 12:00:00 AM;12451
1/21/2015 12:00:00 AM;12557
1/20/2015 12:00:00 AM;12659
1/19/2015 12:00:00 AM;12612
1/16/2015 12:00:00 AM;12593
1/15/2015 12:00:00 AM;12617
1/14/2015 12:00:00 AM;12580
1/13/2015 12:00:00 AM;12608
01/12/2015 00:00;12568
01/09/2015 00:00;12640
01/08/2015 00:00;12731
01/07/2015 00:00;12732
01/06/2015 00:00;12658
01/05/2015 00:00;12589
01/02/2015 00:00;12474
